CD_MUNICIPIO,NM_MUNICIPIO,NR_VOTAVEL,NM_VOTAVEL,QT_VOTOS,ANO_ELEICAO,NR_TURNO,NR_ZONA
1,"11 DE AGOSTO, ESCOLA ESTADUAL - GETULIO VARGAS (zona 2)",13,LUIZ INÁCIO LULA DA SILVA,452,2026,1,0
1,"11 DE AGOSTO, ESCOLA ESTADUAL - GETULIO VARGAS (zona 2)",14,RENAN ANTONIO FERREIRA DOS SANTOS,22,2026,1,0
1,"11 DE AGOSTO, ESCOLA ESTADUAL - GETULIO VARGAS (zona 2)",16,HERTZ DA CONCEICAO DIAS,1,2026,1,0
1,"11 DE AGOSTO, ESCOLA ESTADUAL - GETULIO VARGAS (zona 2)",22,FLAVIO NANTES BOLSONARO,239,2026,1,0
1,"11 DE AGOSTO, ESCOLA ESTADUAL - GETULIO VARGAS (zona 2)",27,CLARIANA ZACARKIM BARAO,2,2026,1,0
1,"11 DE AGOSTO, ESCOLA ESTADUAL - GETULIO VARGAS (zona 2)",30,ROMEU ZEMA NETO,1,2026,1,0
1,"11 DE AGOSTO, ESCOLA ESTADUAL - GETULIO VARGAS (zona 2)",55,RONALDO RAMOS CAIADO,14,2026,1,0
1,"11 DE AGOSTO, ESCOLA ESTADUAL - GETULIO VARGAS (zona 2)",70,AUGUSTO JORGE CURY,28,2026,1,0
1,"11 DE AGOSTO, ESCOLA ESTADUAL - GETULIO VARGAS (zona 2)",80,SAMARA MARTINS DA SILVA FEITOSA,2,2026,1,0
1,"11 DE AGOSTO, ESCOLA ESTADUAL - GETULIO VARGAS (zona 2)",95,VOTO BRANCO,13,2026,1,0
1,"11 DE AGOSTO, ESCOLA ESTADUAL - GETULIO VARGAS (zona 2)",96,VOTO NULO,17,2026,1,0
2,"17 DE MARCO, ESC. ESTADUAL - SANTO ANTONIO (zona 1)",13,LUIZ INÁCIO LULA DA SILVA,822,2026,1,0
2,"17 DE MARCO, ESC. ESTADUAL - SANTO ANTONIO (zona 1)",14,RENAN ANTONIO FERREIRA DOS SANTOS,34,2026,1,0
2,"17 DE MARCO, ESC. ESTADUAL - SANTO ANTONIO (zona 1)",16,HERTZ DA CONCEICAO DIAS,1,2026,1,0
2,"17 DE MARCO, ESC. ESTADUAL - SANTO ANTONIO (zona 1)",21,EDMILSON SILVA COSTA,1,2026,1,0
2,"17 DE MARCO, ESC. ESTADUAL - SANTO ANTONIO (zona 1)",22,FLAVIO NANTES BOLSONARO,497,2026,1,0
2,"17 DE MARCO, ESC. ESTADUAL - SANTO ANTONIO (zona 1)",30,ROMEU ZEMA NETO,5,2026,1,0
2,"17 DE MARCO, ESC. ESTADUAL - SANTO ANTONIO (zona 1)",35,WILSON GRASSI JUNIOR,1,2026,1,0
2,"17 DE MARCO, ESC. ESTADUAL - SANTO ANTONIO (zona 1)",55,RONALDO RAMOS CAIADO,43,2026,1,0
2,"17 DE MARCO, ESC. ESTADUAL - SANTO ANTONIO (zona 1)",70,AUGUSTO JORGE CURY,45,2026,1,0
2,"17 DE MARCO, ESC. ESTADUAL - SANTO ANTONIO (zona 1)",80,SAMARA MARTINS DA SILVA FEITOSA,2,2026,1,0
2,"17 DE MARCO, ESC. ESTADUAL - SANTO ANTONIO (zona 1)",95,VOTO BRANCO,31,2026,1,0
2,"17 DE MARCO, ESC. ESTADUAL - SANTO ANTONIO (zona 1)",96,VOTO NULO,56,2026,1,0
3,"24 DE OUTUBRO, ESC. ESTADUAL - CIDADE NOVA (zona 1)",13,LUIZ INÁCIO LULA DA SILVA,2010,2026,1,0
3,"24 DE OUTUBRO, ESC. ESTADUAL - CIDADE NOVA (zona 1)",14,RENAN ANTONIO FERREIRA DOS SANTOS,72,2026,1,0
3,"24 DE OUTUBRO, ESC. ESTADUAL - CIDADE NOVA (zona 1)",16,HERTZ DA CONCEICAO DIAS,3,2026,1,0
3,"24 DE OUTUBRO, ESC. ESTADUAL - CIDADE NOVA (zona 1)",22,FLAVIO NANTES BOLSONARO,1382,2026,1,0
3,"24 DE OUTUBRO, ESC. ESTADUAL - CIDADE NOVA (zona 1)",27,CLARIANA ZACARKIM BARAO,3,2026,1,0
3,"24 DE OUTUBRO, ESC. ESTADUAL - CIDADE NOVA (zona 1)",30,ROMEU ZEMA NETO,3,2026,1,0
3,"24 DE OUTUBRO, ESC. ESTADUAL - CIDADE NOVA (zona 1)",55,RONALDO RAMOS CAIADO,75,2026,1,0
3,"24 DE OUTUBRO, ESC. ESTADUAL - CIDADE NOVA (zona 1)",70,AUGUSTO JORGE CURY,140,2026,1,0
3,"24 DE OUTUBRO, ESC. ESTADUAL - CIDADE NOVA (zona 1)",80,SAMARA MARTINS DA SILVA FEITOSA,8,2026,1,0
3,"24 DE OUTUBRO, ESC. ESTADUAL - CIDADE NOVA (zona 1)",95,VOTO BRANCO,79,2026,1,0
3,"24 DE OUTUBRO, ESC. ESTADUAL - CIDADE NOVA (zona 1)",96,VOTO NULO,141,2026,1,0
4,"8 DE JULHO, ESCOLA ESTADUAL - PONTO NOVO (zona 2)",13,LUIZ INÁCIO LULA DA SILVA,744,2026,1,0
4,"8 DE JULHO, ESCOLA ESTADUAL - PONTO NOVO (zona 2)",14,RENAN ANTONIO FERREIRA DOS SANTOS,45,2026,1,0
4,"8 DE JULHO, ESCOLA ESTADUAL - PONTO NOVO (zona 2)",22,FLAVIO NANTES BOLSONARO,544,2026,1,0
4,"8 DE JULHO, ESCOLA ESTADUAL - PONTO NOVO (zona 2)",27,CLARIANA ZACARKIM BARAO,1,2026,1,0
4,"8 DE JULHO, ESCOLA ESTADUAL - PONTO NOVO (zona 2)",30,ROMEU ZEMA NETO,6,2026,1,0
4,"8 DE JULHO, ESCOLA ESTADUAL - PONTO NOVO (zona 2)",55,RONALDO RAMOS CAIADO,29,2026,1,0
4,"8 DE JULHO, ESCOLA ESTADUAL - PONTO NOVO (zona 2)",70,AUGUSTO JORGE CURY,43,2026,1,0
4,"8 DE JULHO, ESCOLA ESTADUAL - PONTO NOVO (zona 2)",80,SAMARA MARTINS DA SILVA FEITOSA,5,2026,1,0
4,"8 DE JULHO, ESCOLA ESTADUAL - PONTO NOVO (zona 2)",95,VOTO BRANCO,26,2026,1,0
4,"8 DE JULHO, ESCOLA ESTADUAL - PONTO NOVO (zona 2)",96,VOTO NULO,49,2026,1,0
5,"8 DE MAIO, ESCOLA ESTADUAL - PORTO DANTAS (zona 1)",13,LUIZ INÁCIO LULA DA SILVA,844,2026,1,0
5,"8 DE MAIO, ESCOLA ESTADUAL - PORTO DANTAS (zona 1)",14,RENAN ANTONIO FERREIRA DOS SANTOS,37,2026,1,0
5,"8 DE MAIO, ESCOLA ESTADUAL - PORTO DANTAS (zona 1)",16,HERTZ DA CONCEICAO DIAS,1,2026,1,0
5,"8 DE MAIO, ESCOLA ESTADUAL - PORTO DANTAS (zona 1)",22,FLAVIO NANTES BOLSONARO,495,2026,1,0
5,"8 DE MAIO, ESCOLA ESTADUAL - PORTO DANTAS (zona 1)",30,ROMEU ZEMA NETO,1,2026,1,0
5,"8 DE MAIO, ESCOLA ESTADUAL - PORTO DANTAS (zona 1)",55,RONALDO RAMOS CAIADO,32,2026,1,0
5,"8 DE MAIO, ESCOLA ESTADUAL - PORTO DANTAS (zona 1)",70,AUGUSTO JORGE CURY,58,2026,1,0
5,"8 DE MAIO, ESCOLA ESTADUAL - PORTO DANTAS (zona 1)",80,SAMARA MARTINS DA SILVA FEITOSA,1,2026,1,0
5,"8 DE MAIO, ESCOLA ESTADUAL - PORTO DANTAS (zona 1)",95,VOTO BRANCO,37,2026,1,0
5,"8 DE MAIO, ESCOLA ESTADUAL - PORTO DANTAS (zona 1)",96,VOTO NULO,64,2026,1,0
6,"ACRISIO CRUZ, ESCOLA ESTADUAL - DEZOITO DO FORTE (zona 1)",13,LUIZ INÁCIO LULA DA SILVA,1963,2026,1,0
6,"ACRISIO CRUZ, ESCOLA ESTADUAL - DEZOITO DO FORTE (zona 1)",14,RENAN ANTONIO FERREIRA DOS SANTOS,65,2026,1,0
6,"ACRISIO CRUZ, ESCOLA ESTADUAL - DEZOITO DO FORTE (zona 1)",16,HERTZ DA CONCEICAO DIAS,3,2026,1,0
6,"ACRISIO CRUZ, ESCOLA ESTADUAL - DEZOITO DO FORTE (zona 1)",21,EDMILSON SILVA COSTA,2,2026,1,0
6,"ACRISIO CRUZ, ESCOLA ESTADUAL - DEZOITO DO FORTE (zona 1)",22,FLAVIO NANTES BOLSONARO,1515,2026,1,0
6,"ACRISIO CRUZ, ESCOLA ESTADUAL - DEZOITO DO FORTE (zona 1)",27,CLARIANA ZACARKIM BARAO,1,2026,1,0
6,"ACRISIO CRUZ, ESCOLA ESTADUAL - DEZOITO DO FORTE (zona 1)",29,RUI COSTA PIMENTA,1,2026,1,0
6,"ACRISIO CRUZ, ESCOLA ESTADUAL - DEZOITO DO FORTE (zona 1)",30,ROMEU ZEMA NETO,6,2026,1,0
6,"ACRISIO CRUZ, ESCOLA ESTADUAL - DEZOITO DO FORTE (zona 1)",55,RONALDO RAMOS CAIADO,93,2026,1,0
6,"ACRISIO CRUZ, ESCOLA ESTADUAL - DEZOITO DO FORTE (zona 1)",70,AUGUSTO JORGE CURY,108,2026,1,0
6,"ACRISIO CRUZ, ESCOLA ESTADUAL - DEZOITO DO FORTE (zona 1)",80,SAMARA MARTINS DA SILVA FEITOSA,3,2026,1,0
6,"ACRISIO CRUZ, ESCOLA ESTADUAL - DEZOITO DO FORTE (zona 1)",95,VOTO BRANCO,84,2026,1,0
6,"ACRISIO CRUZ, ESCOLA ESTADUAL - DEZOITO DO FORTE (zona 1)",96,VOTO NULO,142,2026,1,0
7,"ALCEBIADES MELO VILAS BOAS, E.M.E.F. PROF. - INDUSTRIAL (zona 1)",13,LUIZ INÁCIO LULA DA SILVA,875,2026,1,0
7,"ALCEBIADES MELO VILAS BOAS, E.M.E.F. PROF. - INDUSTRIAL (zona 1)",14,RENAN ANTONIO FERREIRA DOS SANTOS,27,2026,1,0
7,"ALCEBIADES MELO VILAS BOAS, E.M.E.F. PROF. - INDUSTRIAL (zona 1)",16,HERTZ DA CONCEICAO DIAS,1,2026,1,0
7,"ALCEBIADES MELO VILAS BOAS, E.M.E.F. PROF. - INDUSTRIAL (zona 1)",22,FLAVIO NANTES BOLSONARO,606,2026,1,0
7,"ALCEBIADES MELO VILAS BOAS, E.M.E.F. PROF. - INDUSTRIAL (zona 1)",27,CLARIANA ZACARKIM BARAO,2,2026,1,0
7,"ALCEBIADES MELO VILAS BOAS, E.M.E.F. PROF. - INDUSTRIAL (zona 1)",30,ROMEU ZEMA NETO,1,2026,1,0
7,"ALCEBIADES MELO VILAS BOAS, E.M.E.F. PROF. - INDUSTRIAL (zona 1)",55,RONALDO RAMOS CAIADO,36,2026,1,0
7,"ALCEBIADES MELO VILAS BOAS, E.M.E.F. PROF. - INDUSTRIAL (zona 1)",70,AUGUSTO JORGE CURY,70,2026,1,0
7,"ALCEBIADES MELO VILAS BOAS, E.M.E.F. PROF. - INDUSTRIAL (zona 1)",80,SAMARA MARTINS DA SILVA FEITOSA,4,2026,1,0
7,"ALCEBIADES MELO VILAS BOAS, E.M.E.F. PROF. - INDUSTRIAL (zona 1)",95,VOTO BRANCO,35,2026,1,0
7,"ALCEBIADES MELO VILAS BOAS, E.M.E.F. PROF. - INDUSTRIAL (zona 1)",96,VOTO NULO,56,2026,1,0
8,"ALENCAR CARDOSO, EMEF - JOSE CONRADO DE ARAUJO (zona 1)",13,LUIZ INÁCIO LULA DA SILVA,466,2026,1,0
8,"ALENCAR CARDOSO, EMEF - JOSE CONRADO DE ARAUJO (zona 1)",14,RENAN ANTONIO FERREIRA DOS SANTOS,19,2026,1,0
8,"ALENCAR CARDOSO, EMEF - JOSE CONRADO DE ARAUJO (zona 1)",21,EDMILSON SILVA COSTA,1,2026,1,0
8,"ALENCAR CARDOSO, EMEF - JOSE CONRADO DE ARAUJO (zona 1)",22,FLAVIO NANTES BOLSONARO,406,2026,1,0
8,"ALENCAR CARDOSO, EMEF - JOSE CONRADO DE ARAUJO (zona 1)",30,ROMEU ZEMA NETO,3,2026,1,0
8,"ALENCAR CARDOSO, EMEF - JOSE CONRADO DE ARAUJO (zona 1)",55,RONALDO RAMOS CAIADO,14,2026,1,0
8,"ALENCAR CARDOSO, EMEF - JOSE CONRADO DE ARAUJO (zona 1)",70,AUGUSTO JORGE CURY,25,2026,1,0
8,"ALENCAR CARDOSO, EMEF - JOSE CONRADO DE ARAUJO (zona 1)",80,SAMARA MARTINS DA SILVA FEITOSA,2,2026,1,0
8,"ALENCAR CARDOSO, EMEF - JOSE CONRADO DE ARAUJO (zona 1)",95,VOTO BRANCO,21,2026,1,0
8,"ALENCAR CARDOSO, EMEF - JOSE CONRADO DE ARAUJO (zona 1)",96,VOTO NULO,41,2026,1,0
9,"AMADEUS, COLÉGIO - CENTRO (zona 2)",13,LUIZ INÁCIO LULA DA SILVA,1397,2026,1,0
9,"AMADEUS, COLÉGIO - CENTRO (zona 2)",14,RENAN ANTONIO FERREIRA DOS SANTOS,76,2026,1,0
9,"AMADEUS, COLÉGIO - CENTRO (zona 2)",16,HERTZ DA CONCEICAO DIAS,2,2026,1,0
9,"AMADEUS, COLÉGIO - CENTRO (zona 2)",22,FLAVIO NANTES BOLSONARO,1154,2026,1,0
9,"AMADEUS, COLÉGIO - CENTRO (zona 2)",27,CLARIANA ZACARKIM BARAO,2,2026,1,0
9,"AMADEUS, COLÉGIO - CENTRO (zona 2)",30,ROMEU ZEMA NETO,4,2026,1,0
9,"AMADEUS, COLÉGIO - CENTRO (zona 2)",35,WILSON GRASSI JUNIOR,1,2026,1,0
9,"AMADEUS, COLÉGIO - CENTRO (zona 2)",55,RONALDO RAMOS CAIADO,73,2026,1,0
9,"AMADEUS, COLÉGIO - CENTRO (zona 2)",70,AUGUSTO JORGE CURY,103,2026,1,0
9,"AMADEUS, COLÉGIO - CENTRO (zona 2)",80,SAMARA MARTINS DA SILVA FEITOSA,2,2026,1,0
9,"AMADEUS, COLÉGIO - CENTRO (zona 2)",95,VOTO BRANCO,38,2026,1,0
9,"AMADEUS, COLÉGIO - CENTRO (zona 2)",96,VOTO NULO,57,2026,1,0
10,"AMERICANO BATISTA, COLÉGIO - SUISSA (zona 2)",13,LUIZ INÁCIO LULA DA SILVA,1518,2026,1,0
10,"AMERICANO BATISTA, COLÉGIO - SUISSA (zona 2)",14,RENAN ANTONIO FERREIRA DOS SANTOS,46,2026,1,0
10,"AMERICANO BATISTA, COLÉGIO - SUISSA (zona 2)",16,HERTZ DA CONCEICAO DIAS,2,2026,1,0
10,"AMERICANO BATISTA, COLÉGIO - SUISSA (zona 2)",22,FLAVIO NANTES BOLSONARO,1201,2026,1,0
10,"AMERICANO BATISTA, COLÉGIO - SUISSA (zona 2)",27,CLARIANA ZACARKIM BARAO,1,2026,1,0
10,"AMERICANO BATISTA, COLÉGIO - SUISSA (zona 2)",29,RUI COSTA PIMENTA,2,2026,1,0
10,"AMERICANO BATISTA, COLÉGIO - SUISSA (zona 2)",30,ROMEU ZEMA NETO,11,2026,1,0
10,"AMERICANO BATISTA, COLÉGIO - SUISSA (zona 2)",35,WILSON GRASSI JUNIOR,1,2026,1,0
10,"AMERICANO BATISTA, COLÉGIO - SUISSA (zona 2)",55,RONALDO RAMOS CAIADO,80,2026,1,0
10,"AMERICANO BATISTA, COLÉGIO - SUISSA (zona 2)",70,AUGUSTO JORGE CURY,101,2026,1,0
10,"AMERICANO BATISTA, COLÉGIO - SUISSA (zona 2)",80,SAMARA MARTINS DA SILVA FEITOSA,3,2026,1,0
10,"AMERICANO BATISTA, COLÉGIO - SUISSA (zona 2)",95,VOTO BRANCO,29,2026,1,0
10,"AMERICANO BATISTA, COLÉGIO - SUISSA (zona 2)",96,VOTO NULO,53,2026,1,0
11,"ANA LUIZA MESQUITA ROCHA, E.M.E.I - JOSE CONRADO DE ARAUJO (zona 1)",13,LUIZ INÁCIO LULA DA SILVA,468,2026,1,0
11,"ANA LUIZA MESQUITA ROCHA, E.M.E.I - JOSE CONRADO DE ARAUJO (zona 1)",14,RENAN ANTONIO FERREIRA DOS SANTOS,16,2026,1,0
11,"ANA LUIZA MESQUITA ROCHA, E.M.E.I - JOSE CONRADO DE ARAUJO (zona 1)",16,HERTZ DA CONCEICAO DIAS,2,2026,1,0
11,"ANA LUIZA MESQUITA ROCHA, E.M.E.I - JOSE CONRADO DE ARAUJO (zona 1)",22,FLAVIO NANTES BOLSONARO,349,2026,1,0
11,"ANA LUIZA MESQUITA ROCHA, E.M.E.I - JOSE CONRADO DE ARAUJO (zona 1)",55,RONALDO RAMOS CAIADO,21,2026,1,0
11,"ANA LUIZA MESQUITA ROCHA, E.M.E.I - JOSE CONRADO DE ARAUJO (zona 1)",70,AUGUSTO JORGE CURY,26,2026,1,0
11,"ANA LUIZA MESQUITA ROCHA, E.M.E.I - JOSE CONRADO DE ARAUJO (zona 1)",80,SAMARA MARTINS DA SILVA FEITOSA,2,2026,1,0
11,"ANA LUIZA MESQUITA ROCHA, E.M.E.I - JOSE CONRADO DE ARAUJO (zona 1)",95,VOTO BRANCO,14,2026,1,0
11,"ANA LUIZA MESQUITA ROCHA, E.M.E.I - JOSE CONRADO DE ARAUJO (zona 1)",96,VOTO NULO,34,2026,1,0
12,"ARTHUR BISPO DO ROSARIO, EMEF - SAO CONRADO (zona 27)",13,LUIZ INÁCIO LULA DA SILVA,638,2026,1,0
12,"ARTHUR BISPO DO ROSARIO, EMEF - SAO CONRADO (zona 27)",14,RENAN ANTONIO FERREIRA DOS SANTOS,54,2026,1,0
12,"ARTHUR BISPO DO ROSARIO, EMEF - SAO CONRADO (zona 27)",16,HERTZ DA CONCEICAO DIAS,2,2026,1,0
12,"ARTHUR BISPO DO ROSARIO, EMEF - SAO CONRADO (zona 27)",22,FLAVIO NANTES BOLSONARO,443,2026,1,0
12,"ARTHUR BISPO DO ROSARIO, EMEF - SAO CONRADO (zona 27)",30,ROMEU ZEMA NETO,2,2026,1,0
12,"ARTHUR BISPO DO ROSARIO, EMEF - SAO CONRADO (zona 27)",35,WILSON GRASSI JUNIOR,1,2026,1,0
12,"ARTHUR BISPO DO ROSARIO, EMEF - SAO CONRADO (zona 27)",55,RONALDO RAMOS CAIADO,11,2026,1,0
12,"ARTHUR BISPO DO ROSARIO, EMEF - SAO CONRADO (zona 27)",70,AUGUSTO JORGE CURY,52,2026,1,0
12,"ARTHUR BISPO DO ROSARIO, EMEF - SAO CONRADO (zona 27)",80,SAMARA MARTINS DA SILVA FEITOSA,2,2026,1,0
12,"ARTHUR BISPO DO ROSARIO, EMEF - SAO CONRADO (zona 27)",95,VOTO BRANCO,28,2026,1,0
12,"ARTHUR BISPO DO ROSARIO, EMEF - SAO CONRADO (zona 27)",96,VOTO NULO,51,2026,1,0
13,"ARTUR FORTES, PROF, ESCOLA ESTADUAL - INACIO BARBOSA (zona 2)",13,LUIZ INÁCIO LULA DA SILVA,709,2026,1,0
13,"ARTUR FORTES, PROF, ESCOLA ESTADUAL - INACIO BARBOSA (zona 2)",14,RENAN ANTONIO FERREIRA DOS SANTOS,24,2026,1,0
13,"ARTUR FORTES, PROF, ESCOLA ESTADUAL - INACIO BARBOSA (zona 2)",22,FLAVIO NANTES BOLSONARO,468,2026,1,0
13,"ARTUR FORTES, PROF, ESCOLA ESTADUAL - INACIO BARBOSA (zona 2)",27,CLARIANA ZACARKIM BARAO,1,2026,1,0
13,"ARTUR FORTES, PROF, ESCOLA ESTADUAL - INACIO BARBOSA (zona 2)",29,RUI COSTA PIMENTA,1,2026,1,0
13,"ARTUR FORTES, PROF, ESCOLA ESTADUAL - INACIO BARBOSA (zona 2)",30,ROMEU ZEMA NETO,4,2026,1,0
13,"ARTUR FORTES, PROF, ESCOLA ESTADUAL - INACIO BARBOSA (zona 2)",55,RONALDO RAMOS CAIADO,20,2026,1,0
13,"ARTUR FORTES, PROF, ESCOLA ESTADUAL - INACIO BARBOSA (zona 2)",70,AUGUSTO JORGE CURY,60,2026,1,0
13,"ARTUR FORTES, PROF, ESCOLA ESTADUAL - INACIO BARBOSA (zona 2)",95,VOTO BRANCO,18,2026,1,0
13,"ARTUR FORTES, PROF, ESCOLA ESTADUAL - INACIO BARBOSA (zona 2)",96,VOTO NULO,31,2026,1,0
14,"ARÍCIO FORTES, PROF, ESCOLA ESTADUAL - AMERICA (zona 2)",13,LUIZ INÁCIO LULA DA SILVA,1518,2026,1,0
14,"ARÍCIO FORTES, PROF, ESCOLA ESTADUAL - AMERICA (zona 2)",14,RENAN ANTONIO FERREIRA DOS SANTOS,57,2026,1,0
14,"ARÍCIO FORTES, PROF, ESCOLA ESTADUAL - AMERICA (zona 2)",16,HERTZ DA CONCEICAO DIAS,1,2026,1,0
14,"ARÍCIO FORTES, PROF, ESCOLA ESTADUAL - AMERICA (zona 2)",21,EDMILSON SILVA COSTA,1,2026,1,0
14,"ARÍCIO FORTES, PROF, ESCOLA ESTADUAL - AMERICA (zona 2)",22,FLAVIO NANTES BOLSONARO,889,2026,1,0
14,"ARÍCIO FORTES, PROF, ESCOLA ESTADUAL - AMERICA (zona 2)",27,CLARIANA ZACARKIM BARAO,3,2026,1,0
14,"ARÍCIO FORTES, PROF, ESCOLA ESTADUAL - AMERICA (zona 2)",30,ROMEU ZEMA NETO,3,2026,1,0
14,"ARÍCIO FORTES, PROF, ESCOLA ESTADUAL - AMERICA (zona 2)",55,RONALDO RAMOS CAIADO,71,2026,1,0
14,"ARÍCIO FORTES, PROF, ESCOLA ESTADUAL - AMERICA (zona 2)",70,AUGUSTO JORGE CURY,87,2026,1,0
14,"ARÍCIO FORTES, PROF, ESCOLA ESTADUAL - AMERICA (zona 2)",80,SAMARA MARTINS DA SILVA FEITOSA,3,2026,1,0
14,"ARÍCIO FORTES, PROF, ESCOLA ESTADUAL - AMERICA (zona 2)",95,VOTO BRANCO,51,2026,1,0
14,"ARÍCIO FORTES, PROF, ESCOLA ESTADUAL - AMERICA (zona 2)",96,VOTO NULO,95,2026,1,0
15,ASSOCIAÇÃO DE ENSINO E CULTURA PIO DECIMO - JABOTIANA (zona 27),13,LUIZ INÁCIO LULA DA SILVA,3376,2026,1,0
15,ASSOCIAÇÃO DE ENSINO E CULTURA PIO DECIMO - JABOTIANA (zona 27),14,RENAN ANTONIO FERREIRA DOS SANTOS,241,2026,1,0
15,ASSOCIAÇÃO DE ENSINO E CULTURA PIO DECIMO - JABOTIANA (zona 27),16,HERTZ DA CONCEICAO DIAS,3,2026,1,0
15,ASSOCIAÇÃO DE ENSINO E CULTURA PIO DECIMO - JABOTIANA (zona 27),22,FLAVIO NANTES BOLSONARO,2249,2026,1,0
15,ASSOCIAÇÃO DE ENSINO E CULTURA PIO DECIMO - JABOTIANA (zona 27),27,CLARIANA ZACARKIM BARAO,6,2026,1,0
15,ASSOCIAÇÃO DE ENSINO E CULTURA PIO DECIMO - JABOTIANA (zona 27),29,RUI COSTA PIMENTA,2,2026,1,0
15,ASSOCIAÇÃO DE ENSINO E CULTURA PIO DECIMO - JABOTIANA (zona 27),30,ROMEU ZEMA NETO,14,2026,1,0
15,ASSOCIAÇÃO DE ENSINO E CULTURA PIO DECIMO - JABOTIANA (zona 27),55,RONALDO RAMOS CAIADO,136,2026,1,0
15,ASSOCIAÇÃO DE ENSINO E CULTURA PIO DECIMO - JABOTIANA (zona 27),70,AUGUSTO JORGE CURY,270,2026,1,0
15,ASSOCIAÇÃO DE ENSINO E CULTURA PIO DECIMO - JABOTIANA (zona 27),80,SAMARA MARTINS DA SILVA FEITOSA,4,2026,1,0
15,ASSOCIAÇÃO DE ENSINO E CULTURA PIO DECIMO - JABOTIANA (zona 27),95,VOTO BRANCO,69,2026,1,0
15,ASSOCIAÇÃO DE ENSINO E CULTURA PIO DECIMO - JABOTIANA (zona 27),96,VOTO NULO,107,2026,1,0
16,"ATHENEU SERGIPENSE, ESCOLA ESTADUAL - SAO JOSE (zona 2)",13,LUIZ INÁCIO LULA DA SILVA,1297,2026,1,0
16,"ATHENEU SERGIPENSE, ESCOLA ESTADUAL - SAO JOSE (zona 2)",14,RENAN ANTONIO FERREIRA DOS SANTOS,46,2026,1,0
16,"ATHENEU SERGIPENSE, ESCOLA ESTADUAL - SAO JOSE (zona 2)",22,FLAVIO NANTES BOLSONARO,1397,2026,1,0
16,"ATHENEU SERGIPENSE, ESCOLA ESTADUAL - SAO JOSE (zona 2)",29,RUI COSTA PIMENTA,1,2026,1,0
16,"ATHENEU SERGIPENSE, ESCOLA ESTADUAL - SAO JOSE (zona 2)",30,ROMEU ZEMA NETO,10,2026,1,0
16,"ATHENEU SERGIPENSE, ESCOLA ESTADUAL - SAO JOSE (zona 2)",55,RONALDO RAMOS CAIADO,88,2026,1,0
16,"ATHENEU SERGIPENSE, ESCOLA ESTADUAL - SAO JOSE (zona 2)",70,AUGUSTO JORGE CURY,75,2026,1,0
16,"ATHENEU SERGIPENSE, ESCOLA ESTADUAL - SAO JOSE (zona 2)",80,SAMARA MARTINS DA SILVA FEITOSA,4,2026,1,0
16,"ATHENEU SERGIPENSE, ESCOLA ESTADUAL - SAO JOSE (zona 2)",95,VOTO BRANCO,23,2026,1,0
16,"ATHENEU SERGIPENSE, ESCOLA ESTADUAL - SAO JOSE (zona 2)",96,VOTO NULO,44,2026,1,0
17,"AUGUSTO FRANCO, CENTRO DE EXC. GOV. - SANTOS DUMONT (zona 1)",13,LUIZ INÁCIO LULA DA SILVA,2291,2026,1,0
17,"AUGUSTO FRANCO, CENTRO DE EXC. GOV. - SANTOS DUMONT (zona 1)",14,RENAN ANTONIO FERREIRA DOS SANTOS,82,2026,1,0
17,"AUGUSTO FRANCO, CENTRO DE EXC. GOV. - SANTOS DUMONT (zona 1)",21,EDMILSON SILVA COSTA,1,2026,1,0
17,"AUGUSTO FRANCO, CENTRO DE EXC. GOV. - SANTOS DUMONT (zona 1)",22,FLAVIO NANTES BOLSONARO,1736,2026,1,0
17,"AUGUSTO FRANCO, CENTRO DE EXC. GOV. - SANTOS DUMONT (zona 1)",27,CLARIANA ZACARKIM BARAO,1,2026,1,0
17,"AUGUSTO FRANCO, CENTRO DE EXC. GOV. - SANTOS DUMONT (zona 1)",28,LEONARDO ALVES DE ARAUJO,2,2026,1,0
17,"AUGUSTO FRANCO, CENTRO DE EXC. GOV. - SANTOS DUMONT (zona 1)",30,ROMEU ZEMA NETO,7,2026,1,0
17,"AUGUSTO FRANCO, CENTRO DE EXC. GOV. - SANTOS DUMONT (zona 1)",35,WILSON GRASSI JUNIOR,1,2026,1,0
17,"AUGUSTO FRANCO, CENTRO DE EXC. GOV. - SANTOS DUMONT (zona 1)",55,RONALDO RAMOS CAIADO,113,2026,1,0
17,"AUGUSTO FRANCO, CENTRO DE EXC. GOV. - SANTOS DUMONT (zona 1)",70,AUGUSTO JORGE CURY,164,2026,1,0
17,"AUGUSTO FRANCO, CENTRO DE EXC. GOV. - SANTOS DUMONT (zona 1)",80,SAMARA MARTINS DA SILVA FEITOSA,8,2026,1,0
17,"AUGUSTO FRANCO, CENTRO DE EXC. GOV. - SANTOS DUMONT (zona 1)",95,VOTO BRANCO,114,2026,1,0
17,"AUGUSTO FRANCO, CENTRO DE EXC. GOV. - SANTOS DUMONT (zona 1)",96,VOTO NULO,192,2026,1,0
18,"AUREA MELO, ESC. ESTADUAL PROFª. - SOLEDADE (zona 1)",13,LUIZ INÁCIO LULA DA SILVA,506,2026,1,0
18,"AUREA MELO, ESC. ESTADUAL PROFª. - SOLEDADE (zona 1)",14,RENAN ANTONIO FERREIRA DOS SANTOS,48,2026,1,0
18,"AUREA MELO, ESC. ESTADUAL PROFª. - SOLEDADE (zona 1)",22,FLAVIO NANTES BOLSONARO,313,2026,1,0
18,"AUREA MELO, ESC. ESTADUAL PROFª. - SOLEDADE (zona 1)",27,CLARIANA ZACARKIM BARAO,1,2026,1,0
18,"AUREA MELO, ESC. ESTADUAL PROFª. - SOLEDADE (zona 1)",30,ROMEU ZEMA NETO,1,2026,1,0
18,"AUREA MELO, ESC. ESTADUAL PROFª. - SOLEDADE (zona 1)",55,RONALDO RAMOS CAIADO,11,2026,1,0
18,"AUREA MELO, ESC. ESTADUAL PROFª. - SOLEDADE (zona 1)",70,AUGUSTO JORGE CURY,19,2026,1,0
18,"AUREA MELO, ESC. ESTADUAL PROFª. - SOLEDADE (zona 1)",80,SAMARA MARTINS DA SILVA FEITOSA,1,2026,1,0
18,"AUREA MELO, ESC. ESTADUAL PROFª. - SOLEDADE (zona 1)",95,VOTO BRANCO,22,2026,1,0
18,"AUREA MELO, ESC. ESTADUAL PROFª. - SOLEDADE (zona 1)",96,VOTO NULO,19,2026,1,0
19,"AVELAR BRANDÃO VILELLA, EMEF DOM - OLARIA (zona 1)",13,LUIZ INÁCIO LULA DA SILVA,1705,2026,1,0
19,"AVELAR BRANDÃO VILELLA, EMEF DOM - OLARIA (zona 1)",14,RENAN ANTONIO FERREIRA DOS SANTOS,47,2026,1,0
19,"AVELAR BRANDÃO VILELLA, EMEF DOM - OLARIA (zona 1)",21,EDMILSON SILVA COSTA,3,2026,1,0
19,"AVELAR BRANDÃO VILELLA, EMEF DOM - OLARIA (zona 1)",22,FLAVIO NANTES BOLSONARO,830,2026,1,0
19,"AVELAR BRANDÃO VILELLA, EMEF DOM - OLARIA (zona 1)",27,CLARIANA ZACARKIM BARAO,2,2026,1,0
19,"AVELAR BRANDÃO VILELLA, EMEF DOM - OLARIA (zona 1)",30,ROMEU ZEMA NETO,4,2026,1,0
19,"AVELAR BRANDÃO VILELLA, EMEF DOM - OLARIA (zona 1)",55,RONALDO RAMOS CAIADO,61,2026,1,0
19,"AVELAR BRANDÃO VILELLA, EMEF DOM - OLARIA (zona 1)",70,AUGUSTO JORGE CURY,111,2026,1,0
19,"AVELAR BRANDÃO VILELLA, EMEF DOM - OLARIA (zona 1)",80,SAMARA MARTINS DA SILVA FEITOSA,1,2026,1,0
19,"AVELAR BRANDÃO VILELLA, EMEF DOM - OLARIA (zona 1)",95,VOTO BRANCO,67,2026,1,0
19,"AVELAR BRANDÃO VILELLA, EMEF DOM - OLARIA (zona 1)",96,VOTO NULO,109,2026,1,0
20,"BARAO DE MAUA, ESCOLA - SAO CONRADO (zona 27)",13,LUIZ INÁCIO LULA DA SILVA,2417,2026,1,0
20,"BARAO DE MAUA, ESCOLA - SAO CONRADO (zona 27)",14,RENAN ANTONIO FERREIRA DOS SANTOS,54,2026,1,0
20,"BARAO DE MAUA, ESCOLA - SAO CONRADO (zona 27)",16,HERTZ DA CONCEICAO DIAS,1,2026,1,0
20,"BARAO DE MAUA, ESCOLA - SAO CONRADO (zona 27)",22,FLAVIO NANTES BOLSONARO,1595,2026,1,0
20,"BARAO DE MAUA, ESCOLA - SAO CONRADO (zona 27)",27,CLARIANA ZACARKIM BARAO,1,2026,1,0
20,"BARAO DE MAUA, ESCOLA - SAO CONRADO (zona 27)",30,ROMEU ZEMA NETO,9,2026,1,0
20,"BARAO DE MAUA, ESCOLA - SAO CONRADO (zona 27)",35,WILSON GRASSI JUNIOR,2,2026,1,0
20,"BARAO DE MAUA, ESCOLA - SAO CONRADO (zona 27)",55,RONALDO RAMOS CAIADO,86,2026,1,0
20,"BARAO DE MAUA, ESCOLA - SAO CONRADO (zona 27)",70,AUGUSTO JORGE CURY,164,2026,1,0
20,"BARAO DE MAUA, ESCOLA - SAO CONRADO (zona 27)",80,SAMARA MARTINS DA SILVA FEITOSA,4,2026,1,0
20,"BARAO DE MAUA, ESCOLA - SAO CONRADO (zona 27)",95,VOTO BRANCO,73,2026,1,0
20,"BARAO DE MAUA, ESCOLA - SAO CONRADO (zona 27)",96,VOTO NULO,148,2026,1,0
21,"BEBÉ TIÚBA, PROFª, EMEF - LUZIA (zona 2)",13,LUIZ INÁCIO LULA DA SILVA,608,2026,1,0
21,"BEBÉ TIÚBA, PROFª, EMEF - LUZIA (zona 2)",14,RENAN ANTONIO FERREIRA DOS SANTOS,19,2026,1,0
21,"BEBÉ TIÚBA, PROFª, EMEF - LUZIA (zona 2)",22,FLAVIO NANTES BOLSONARO,477,2026,1,0
21,"BEBÉ TIÚBA, PROFª, EMEF - LUZIA (zona 2)",30,ROMEU ZEMA NETO,4,2026,1,0
21,"BEBÉ TIÚBA, PROFª, EMEF - LUZIA (zona 2)",55,RONALDO RAMOS CAIADO,25,2026,1,0
21,"BEBÉ TIÚBA, PROFª, EMEF - LUZIA (zona 2)",70,AUGUSTO JORGE CURY,38,2026,1,0
21,"BEBÉ TIÚBA, PROFª, EMEF - LUZIA (zona 2)",95,VOTO BRANCO,15,2026,1,0
21,"BEBÉ TIÚBA, PROFª, EMEF - LUZIA (zona 2)",96,VOTO NULO,26,2026,1,0
22,"BENEDITO OLIVEIRA, PROF. ESCOLA - SAO CONRADO (zona 27)",13,LUIZ INÁCIO LULA DA SILVA,2272,2026,1,0
22,"BENEDITO OLIVEIRA, PROF. ESCOLA - SAO CONRADO (zona 27)",14,RENAN ANTONIO FERREIRA DOS SANTOS,71,2026,1,0
22,"BENEDITO OLIVEIRA, PROF. ESCOLA - SAO CONRADO (zona 27)",16,HERTZ DA CONCEICAO DIAS,3,2026,1,0
22,"BENEDITO OLIVEIRA, PROF. ESCOLA - SAO CONRADO (zona 27)",22,FLAVIO NANTES BOLSONARO,1356,2026,1,0
22,"BENEDITO OLIVEIRA, PROF. ESCOLA - SAO CONRADO (zona 27)",27,CLARIANA ZACARKIM BARAO,1,2026,1,0
22,"BENEDITO OLIVEIRA, PROF. ESCOLA - SAO CONRADO (zona 27)",29,RUI COSTA PIMENTA,1,2026,1,0
22,"BENEDITO OLIVEIRA, PROF. ESCOLA - SAO CONRADO (zona 27)",30,ROMEU ZEMA NETO,6,2026,1,0
22,"BENEDITO OLIVEIRA, PROF. ESCOLA - SAO CONRADO (zona 27)",55,RONALDO RAMOS CAIADO,104,2026,1,0
22,"BENEDITO OLIVEIRA, PROF. ESCOLA - SAO CONRADO (zona 27)",70,AUGUSTO JORGE CURY,118,2026,1,0
22,"BENEDITO OLIVEIRA, PROF. ESCOLA - SAO CONRADO (zona 27)",80,SAMARA MARTINS DA SILVA FEITOSA,7,2026,1,0
22,"BENEDITO OLIVEIRA, PROF. ESCOLA - SAO CONRADO (zona 27)",95,VOTO BRANCO,70,2026,1,0
22,"BENEDITO OLIVEIRA, PROF. ESCOLA - SAO CONRADO (zona 27)",96,VOTO NULO,173,2026,1,0
23,"BENJAMIN ALVES DE CARVALHO, EMEI - COROA DO MEIO (zona 27)",13,LUIZ INÁCIO LULA DA SILVA,534,2026,1,0
23,"BENJAMIN ALVES DE CARVALHO, EMEI - COROA DO MEIO (zona 27)",14,RENAN ANTONIO FERREIRA DOS SANTOS,12,2026,1,0
23,"BENJAMIN ALVES DE CARVALHO, EMEI - COROA DO MEIO (zona 27)",22,FLAVIO NANTES BOLSONARO,381,2026,1,0
23,"BENJAMIN ALVES DE CARVALHO, EMEI - COROA DO MEIO (zona 27)",27,CLARIANA ZACARKIM BARAO,1,2026,1,0
23,"BENJAMIN ALVES DE CARVALHO, EMEI - COROA DO MEIO (zona 27)",30,ROMEU ZEMA NETO,1,2026,1,0
23,"BENJAMIN ALVES DE CARVALHO, EMEI - COROA DO MEIO (zona 27)",55,RONALDO RAMOS CAIADO,27,2026,1,0
23,"BENJAMIN ALVES DE CARVALHO, EMEI - COROA DO MEIO (zona 27)",70,AUGUSTO JORGE CURY,26,2026,1,0
23,"BENJAMIN ALVES DE CARVALHO, EMEI - COROA DO MEIO (zona 27)",80,SAMARA MARTINS DA SILVA FEITOSA,2,2026,1,0
23,"BENJAMIN ALVES DE CARVALHO, EMEI - COROA DO MEIO (zona 27)",95,VOTO BRANCO,13,2026,1,0
23,"BENJAMIN ALVES DE CARVALHO, EMEI - COROA DO MEIO (zona 27)",96,VOTO NULO,18,2026,1,0
24,"BILAC PINTO, EMBAIX, ESCOLA ESTADUAL - PONTO NOVO (zona 2)",13,LUIZ INÁCIO LULA DA SILVA,864,2026,1,0
24,"BILAC PINTO, EMBAIX, ESCOLA ESTADUAL - PONTO NOVO (zona 2)",14,RENAN ANTONIO FERREIRA DOS SANTOS,31,2026,1,0
24,"BILAC PINTO, EMBAIX, ESCOLA ESTADUAL - PONTO NOVO (zona 2)",22,FLAVIO NANTES BOLSONARO,648,2026,1,0
24,"BILAC PINTO, EMBAIX, ESCOLA ESTADUAL - PONTO NOVO (zona 2)",30,ROMEU ZEMA NETO,6,2026,1,0
24,"BILAC PINTO, EMBAIX, ESCOLA ESTADUAL - PONTO NOVO (zona 2)",35,WILSON GRASSI JUNIOR,1,2026,1,0
24,"BILAC PINTO, EMBAIX, ESCOLA ESTADUAL - PONTO NOVO (zona 2)",55,RONALDO RAMOS CAIADO,34,2026,1,0
24,"BILAC PINTO, EMBAIX, ESCOLA ESTADUAL - PONTO NOVO (zona 2)",70,AUGUSTO JORGE CURY,65,2026,1,0
24,"BILAC PINTO, EMBAIX, ESCOLA ESTADUAL - PONTO NOVO (zona 2)",80,SAMARA MARTINS DA SILVA FEITOSA,3,2026,1,0
24,"BILAC PINTO, EMBAIX, ESCOLA ESTADUAL - PONTO NOVO (zona 2)",95,VOTO BRANCO,17,2026,1,0
24,"BILAC PINTO, EMBAIX, ESCOLA ESTADUAL - PONTO NOVO (zona 2)",96,VOTO NULO,58,2026,1,0
25,"CAIC (GERALDO BARRETO SOBRAL, ESC. EST. MIN.) - INDUSTRIAL (zona 1)",13,LUIZ INÁCIO LULA DA SILVA,1368,2026,1,0
25,"CAIC (GERALDO BARRETO SOBRAL, ESC. EST. MIN.) - INDUSTRIAL (zona 1)",14,RENAN ANTONIO FERREIRA DOS SANTOS,54,2026,1,0
25,"CAIC (GERALDO BARRETO SOBRAL, ESC. EST. MIN.) - INDUSTRIAL (zona 1)",22,FLAVIO NANTES BOLSONARO,1029,2026,1,0
25,"CAIC (GERALDO BARRETO SOBRAL, ESC. EST. MIN.) - INDUSTRIAL (zona 1)",27,CLARIANA ZACARKIM BARAO,1,2026,1,0
25,"CAIC (GERALDO BARRETO SOBRAL, ESC. EST. MIN.) - INDUSTRIAL (zona 1)",30,ROMEU ZEMA NETO,1,2026,1,0
25,"CAIC (GERALDO BARRETO SOBRAL, ESC. EST. MIN.) - INDUSTRIAL (zona 1)",55,RONALDO RAMOS CAIADO,62,2026,1,0
25,"CAIC (GERALDO BARRETO SOBRAL, ESC. EST. MIN.) - INDUSTRIAL (zona 1)",70,AUGUSTO JORGE CURY,98,2026,1,0
25,"CAIC (GERALDO BARRETO SOBRAL, ESC. EST. MIN.) - INDUSTRIAL (zona 1)",80,SAMARA MARTINS DA SILVA FEITOSA,9,2026,1,0
25,"CAIC (GERALDO BARRETO SOBRAL, ESC. EST. MIN.) - INDUSTRIAL (zona 1)",95,VOTO BRANCO,49,2026,1,0
25,"CAIC (GERALDO BARRETO SOBRAL, ESC. EST. MIN.) - INDUSTRIAL (zona 1)",96,VOTO NULO,105,2026,1,0
26,"CARLOS CARMÉLIO COSTA, ESC. EST. MONSENHOR - JOSE CONRADO DE ARAUJO (zona 1)",13,LUIZ INÁCIO LULA DA SILVA,1243,2026,1,0
26,"CARLOS CARMÉLIO COSTA, ESC. EST. MONSENHOR - JOSE CONRADO DE ARAUJO (zona 1)",14,RENAN ANTONIO FERREIRA DOS SANTOS,46,2026,1,0
26,"CARLOS CARMÉLIO COSTA, ESC. EST. MONSENHOR - JOSE CONRADO DE ARAUJO (zona 1)",22,FLAVIO NANTES BOLSONARO,867,2026,1,0
26,"CARLOS CARMÉLIO COSTA, ESC. EST. MONSENHOR - JOSE CONRADO DE ARAUJO (zona 1)",27,CLARIANA ZACARKIM BARAO,3,2026,1,0
26,"CARLOS CARMÉLIO COSTA, ESC. EST. MONSENHOR - JOSE CONRADO DE ARAUJO (zona 1)",30,ROMEU ZEMA NETO,2,2026,1,0
26,"CARLOS CARMÉLIO COSTA, ESC. EST. MONSENHOR - JOSE CONRADO DE ARAUJO (zona 1)",55,RONALDO RAMOS CAIADO,44,2026,1,0
26,"CARLOS CARMÉLIO COSTA, ESC. EST. MONSENHOR - JOSE CONRADO DE ARAUJO (zona 1)",70,AUGUSTO JORGE CURY,53,2026,1,0
26,"CARLOS CARMÉLIO COSTA, ESC. EST. MONSENHOR - JOSE CONRADO DE ARAUJO (zona 1)",80,SAMARA MARTINS DA SILVA FEITOSA,2,2026,1,0
26,"CARLOS CARMÉLIO COSTA, ESC. EST. MONSENHOR - JOSE CONRADO DE ARAUJO (zona 1)",95,VOTO BRANCO,46,2026,1,0
26,"CARLOS CARMÉLIO COSTA, ESC. EST. MONSENHOR - JOSE CONRADO DE ARAUJO (zona 1)",96,VOTO NULO,86,2026,1,0
27,"CARVALHO NETO, DR, EMEF - NOVO PARAISO (zona 2)",13,LUIZ INÁCIO LULA DA SILVA,942,2026,1,0
27,"CARVALHO NETO, DR, EMEF - NOVO PARAISO (zona 2)",14,RENAN ANTONIO FERREIRA DOS SANTOS,20,2026,1,0
27,"CARVALHO NETO, DR, EMEF - NOVO PARAISO (zona 2)",22,FLAVIO NANTES BOLSONARO,531,2026,1,0
27,"CARVALHO NETO, DR, EMEF - NOVO PARAISO (zona 2)",27,CLARIANA ZACARKIM BARAO,1,2026,1,0
27,"CARVALHO NETO, DR, EMEF - NOVO PARAISO (zona 2)",30,ROMEU ZEMA NETO,1,2026,1,0
27,"CARVALHO NETO, DR, EMEF - NOVO PARAISO (zona 2)",55,RONALDO RAMOS CAIADO,40,2026,1,0
27,"CARVALHO NETO, DR, EMEF - NOVO PARAISO (zona 2)",70,AUGUSTO JORGE CURY,65,2026,1,0
27,"CARVALHO NETO, DR, EMEF - NOVO PARAISO (zona 2)",80,SAMARA MARTINS DA SILVA FEITOSA,5,2026,1,0
27,"CARVALHO NETO, DR, EMEF - NOVO PARAISO (zona 2)",95,VOTO BRANCO,30,2026,1,0
27,"CARVALHO NETO, DR, EMEF - NOVO PARAISO (zona 2)",96,VOTO NULO,54,2026,1,0
28,"CCPA, COLÉGIO - GRAGERU (zona 2)",13,LUIZ INÁCIO LULA DA SILVA,1455,2026,1,0
28,"CCPA, COLÉGIO - GRAGERU (zona 2)",14,RENAN ANTONIO FERREIRA DOS SANTOS,67,2026,1,0
28,"CCPA, COLÉGIO - GRAGERU (zona 2)",16,HERTZ DA CONCEICAO DIAS,1,2026,1,0
28,"CCPA, COLÉGIO - GRAGERU (zona 2)",22,FLAVIO NANTES BOLSONARO,1441,2026,1,0
28,"CCPA, COLÉGIO - GRAGERU (zona 2)",29,RUI COSTA PIMENTA,2,2026,1,0
28,"CCPA, COLÉGIO - GRAGERU (zona 2)",30,ROMEU ZEMA NETO,12,2026,1,0
28,"CCPA, COLÉGIO - GRAGERU (zona 2)",55,RONALDO RAMOS CAIADO,87,2026,1,0
28,"CCPA, COLÉGIO - GRAGERU (zona 2)",70,AUGUSTO JORGE CURY,85,2026,1,0
28,"CCPA, COLÉGIO - GRAGERU (zona 2)",95,VOTO BRANCO,29,2026,1,0
28,"CCPA, COLÉGIO - GRAGERU (zona 2)",96,VOTO NULO,61,2026,1,0
29,CEA - COLÉGIO CEA LTDA - FAROLANDIA (zona 27),13,LUIZ INÁCIO LULA DA SILVA,909,2026,1,0
29,CEA - COLÉGIO CEA LTDA - FAROLANDIA (zona 27),14,RENAN ANTONIO FERREIRA DOS SANTOS,69,2026,1,0
29,CEA - COLÉGIO CEA LTDA - FAROLANDIA (zona 27),16,HERTZ DA CONCEICAO DIAS,1,2026,1,0
29,CEA - COLÉGIO CEA LTDA - FAROLANDIA (zona 27),22,FLAVIO NANTES BOLSONARO,602,2026,1,0
29,CEA - COLÉGIO CEA LTDA - FAROLANDIA (zona 27),27,CLARIANA ZACARKIM BARAO,1,2026,1,0
29,CEA - COLÉGIO CEA LTDA - FAROLANDIA (zona 27),29,RUI COSTA PIMENTA,1,2026,1,0
29,CEA - COLÉGIO CEA LTDA - FAROLANDIA (zona 27),30,ROMEU ZEMA NETO,4,2026,1,0
29,CEA - COLÉGIO CEA LTDA - FAROLANDIA (zona 27),35,WILSON GRASSI JUNIOR,1,2026,1,0
29,CEA - COLÉGIO CEA LTDA - FAROLANDIA (zona 27),55,RONALDO RAMOS CAIADO,21,2026,1,0
29,CEA - COLÉGIO CEA LTDA - FAROLANDIA (zona 27),70,AUGUSTO JORGE CURY,71,2026,1,0
29,CEA - COLÉGIO CEA LTDA - FAROLANDIA (zona 27),80,SAMARA MARTINS DA SILVA FEITOSA,2,2026,1,0
29,CEA - COLÉGIO CEA LTDA - FAROLANDIA (zona 27),95,VOTO BRANCO,18,2026,1,0
29,CEA - COLÉGIO CEA LTDA - FAROLANDIA (zona 27),96,VOTO NULO,58,2026,1,0
30,CENTRO DE EXCELÊNCIA SANTOS DUMONT - ATALAIA (zona 27),13,LUIZ INÁCIO LULA DA SILVA,1508,2026,1,0
30,CENTRO DE EXCELÊNCIA SANTOS DUMONT - ATALAIA (zona 27),14,RENAN ANTONIO FERREIRA DOS SANTOS,42,2026,1,0
30,CENTRO DE EXCELÊNCIA SANTOS DUMONT - ATALAIA (zona 27),16,HERTZ DA CONCEICAO DIAS,1,2026,1,0
30,CENTRO DE EXCELÊNCIA SANTOS DUMONT - ATALAIA (zona 27),22,FLAVIO NANTES BOLSONARO,1172,2026,1,0
30,CENTRO DE EXCELÊNCIA SANTOS DUMONT - ATALAIA (zona 27),27,CLARIANA ZACARKIM BARAO,1,2026,1,0
30,CENTRO DE EXCELÊNCIA SANTOS DUMONT - ATALAIA (zona 27),30,ROMEU ZEMA NETO,5,2026,1,0
30,CENTRO DE EXCELÊNCIA SANTOS DUMONT - ATALAIA (zona 27),55,RONALDO RAMOS CAIADO,85,2026,1,0
30,CENTRO DE EXCELÊNCIA SANTOS DUMONT - ATALAIA (zona 27),70,AUGUSTO JORGE CURY,88,2026,1,0
30,CENTRO DE EXCELÊNCIA SANTOS DUMONT - ATALAIA (zona 27),80,SAMARA MARTINS DA SILVA FEITOSA,2,2026,1,0
30,CENTRO DE EXCELÊNCIA SANTOS DUMONT - ATALAIA (zona 27),95,VOTO BRANCO,50,2026,1,0
30,CENTRO DE EXCELÊNCIA SANTOS DUMONT - ATALAIA (zona 27),96,VOTO NULO,94,2026,1,0
31,CENTRO DE EXCELÊNCIA VITÓRIA DE SANTA MARIA - SANTA MARIA (zona 27),13,LUIZ INÁCIO LULA DA SILVA,1620,2026,1,0
31,CENTRO DE EXCELÊNCIA VITÓRIA DE SANTA MARIA - SANTA MARIA (zona 27),14,RENAN ANTONIO FERREIRA DOS SANTOS,88,2026,1,0
31,CENTRO DE EXCELÊNCIA VITÓRIA DE SANTA MARIA - SANTA MARIA (zona 27),16,HERTZ DA CONCEICAO DIAS,1,2026,1,0
31,CENTRO DE EXCELÊNCIA VITÓRIA DE SANTA MARIA - SANTA MARIA (zona 27),22,FLAVIO NANTES BOLSONARO,1024,2026,1,0
31,CENTRO DE EXCELÊNCIA VITÓRIA DE SANTA MARIA - SANTA MARIA (zona 27),30,ROMEU ZEMA NETO,3,2026,1,0
31,CENTRO DE EXCELÊNCIA VITÓRIA DE SANTA MARIA - SANTA MARIA (zona 27),55,RONALDO RAMOS CAIADO,50,2026,1,0
31,CENTRO DE EXCELÊNCIA VITÓRIA DE SANTA MARIA - SANTA MARIA (zona 27),70,AUGUSTO JORGE CURY,117,2026,1,0
31,CENTRO DE EXCELÊNCIA VITÓRIA DE SANTA MARIA - SANTA MARIA (zona 27),80,SAMARA MARTINS DA SILVA FEITOSA,10,2026,1,0
31,CENTRO DE EXCELÊNCIA VITÓRIA DE SANTA MARIA - SANTA MARIA (zona 27),95,VOTO BRANCO,82,2026,1,0
31,CENTRO DE EXCELÊNCIA VITÓRIA DE SANTA MARIA - SANTA MARIA (zona 27),96,VOTO NULO,133,2026,1,0
32,CENTRO EDUCACIONAL ATLANTICO - ATALAIA (zona 27),13,LUIZ INÁCIO LULA DA SILVA,2104,2026,1,0
32,CENTRO EDUCACIONAL ATLANTICO - ATALAIA (zona 27),14,RENAN ANTONIO FERREIRA DOS SANTOS,73,2026,1,0
32,CENTRO EDUCACIONAL ATLANTICO - ATALAIA (zona 27),16,HERTZ DA CONCEICAO DIAS,5,2026,1,0
32,CENTRO EDUCACIONAL ATLANTICO - ATALAIA (zona 27),21,EDMILSON SILVA COSTA,2,2026,1,0
32,CENTRO EDUCACIONAL ATLANTICO - ATALAIA (zona 27),22,FLAVIO NANTES BOLSONARO,1700,2026,1,0
32,CENTRO EDUCACIONAL ATLANTICO - ATALAIA (zona 27),27,CLARIANA ZACARKIM BARAO,1,2026,1,0
32,CENTRO EDUCACIONAL ATLANTICO - ATALAIA (zona 27),29,RUI COSTA PIMENTA,2,2026,1,0
32,CENTRO EDUCACIONAL ATLANTICO - ATALAIA (zona 27),30,ROMEU ZEMA NETO,8,2026,1,0
32,CENTRO EDUCACIONAL ATLANTICO - ATALAIA (zona 27),35,WILSON GRASSI JUNIOR,1,2026,1,0
32,CENTRO EDUCACIONAL ATLANTICO - ATALAIA (zona 27),55,RONALDO RAMOS CAIADO,94,2026,1,0
32,CENTRO EDUCACIONAL ATLANTICO - ATALAIA (zona 27),70,AUGUSTO JORGE CURY,133,2026,1,0
32,CENTRO EDUCACIONAL ATLANTICO - ATALAIA (zona 27),80,SAMARA MARTINS DA SILVA FEITOSA,9,2026,1,0
32,CENTRO EDUCACIONAL ATLANTICO - ATALAIA (zona 27),95,VOTO BRANCO,42,2026,1,0
32,CENTRO EDUCACIONAL ATLANTICO - ATALAIA (zona 27),96,VOTO NULO,73,2026,1,0
33,CENTRO EDUCACIONAL MANAIM - ARUANA (zona 27),13,LUIZ INÁCIO LULA DA SILVA,370,2026,1,0
33,CENTRO EDUCACIONAL MANAIM - ARUANA (zona 27),14,RENAN ANTONIO FERREIRA DOS SANTOS,30,2026,1,0
33,CENTRO EDUCACIONAL MANAIM - ARUANA (zona 27),16,HERTZ DA CONCEICAO DIAS,1,2026,1,0
33,CENTRO EDUCACIONAL MANAIM - ARUANA (zona 27),22,FLAVIO NANTES BOLSONARO,271,2026,1,0
33,CENTRO EDUCACIONAL MANAIM - ARUANA (zona 27),28,LEONARDO ALVES DE ARAUJO,1,2026,1,0
33,CENTRO EDUCACIONAL MANAIM - ARUANA (zona 27),30,ROMEU ZEMA NETO,2,2026,1,0
33,CENTRO EDUCACIONAL MANAIM - ARUANA (zona 27),55,RONALDO RAMOS CAIADO,16,2026,1,0
33,CENTRO EDUCACIONAL MANAIM - ARUANA (zona 27),70,AUGUSTO JORGE CURY,26,2026,1,0
33,CENTRO EDUCACIONAL MANAIM - ARUANA (zona 27),95,VOTO BRANCO,14,2026,1,0
33,CENTRO EDUCACIONAL MANAIM - ARUANA (zona 27),96,VOTO NULO,17,2026,1,0
34,CENTRO ESTADUAL DE EDUCAÇÃO PROFISSIONAL JOSÉ FIGUEIREDO BARRETO - GETULIO VARGAS (zona 2),13,LUIZ INÁCIO LULA DA SILVA,400,2026,1,0
34,CENTRO ESTADUAL DE EDUCAÇÃO PROFISSIONAL JOSÉ FIGUEIREDO BARRETO - GETULIO VARGAS (zona 2),14,RENAN ANTONIO FERREIRA DOS SANTOS,14,2026,1,0
34,CENTRO ESTADUAL DE EDUCAÇÃO PROFISSIONAL JOSÉ FIGUEIREDO BARRETO - GETULIO VARGAS (zona 2),22,FLAVIO NANTES BOLSONARO,267,2026,1,0
34,CENTRO ESTADUAL DE EDUCAÇÃO PROFISSIONAL JOSÉ FIGUEIREDO BARRETO - GETULIO VARGAS (zona 2),27,CLARIANA ZACARKIM BARAO,2,2026,1,0
34,CENTRO ESTADUAL DE EDUCAÇÃO PROFISSIONAL JOSÉ FIGUEIREDO BARRETO - GETULIO VARGAS (zona 2),30,ROMEU ZEMA NETO,1,2026,1,0
34,CENTRO ESTADUAL DE EDUCAÇÃO PROFISSIONAL JOSÉ FIGUEIREDO BARRETO - GETULIO VARGAS (zona 2),35,WILSON GRASSI JUNIOR,1,2026,1,0
34,CENTRO ESTADUAL DE EDUCAÇÃO PROFISSIONAL JOSÉ FIGUEIREDO BARRETO - GETULIO VARGAS (zona 2),55,RONALDO RAMOS CAIADO,25,2026,1,0
34,CENTRO ESTADUAL DE EDUCAÇÃO PROFISSIONAL JOSÉ FIGUEIREDO BARRETO - GETULIO VARGAS (zona 2),70,AUGUSTO JORGE CURY,20,2026,1,0
34,CENTRO ESTADUAL DE EDUCAÇÃO PROFISSIONAL JOSÉ FIGUEIREDO BARRETO - GETULIO VARGAS (zona 2),80,SAMARA MARTINS DA SILVA FEITOSA,1,2026,1,0
34,CENTRO ESTADUAL DE EDUCAÇÃO PROFISSIONAL JOSÉ FIGUEIREDO BARRETO - GETULIO VARGAS (zona 2),95,VOTO BRANCO,10,2026,1,0
34,CENTRO ESTADUAL DE EDUCAÇÃO PROFISSIONAL JOSÉ FIGUEIREDO BARRETO - GETULIO VARGAS (zona 2),96,VOTO NULO,23,2026,1,0
35,"CEPJSS, CENTRO EDUCACIONAL PROF JOSÉ SEBASTIÃO SANTOS - PONTO NOVO (zona 2)",13,LUIZ INÁCIO LULA DA SILVA,830,2026,1,0
35,"CEPJSS, CENTRO EDUCACIONAL PROF JOSÉ SEBASTIÃO SANTOS - PONTO NOVO (zona 2)",14,RENAN ANTONIO FERREIRA DOS SANTOS,37,2026,1,0
35,"CEPJSS, CENTRO EDUCACIONAL PROF JOSÉ SEBASTIÃO SANTOS - PONTO NOVO (zona 2)",16,HERTZ DA CONCEICAO DIAS,1,2026,1,0
35,"CEPJSS, CENTRO EDUCACIONAL PROF JOSÉ SEBASTIÃO SANTOS - PONTO NOVO (zona 2)",22,FLAVIO NANTES BOLSONARO,613,2026,1,0
35,"CEPJSS, CENTRO EDUCACIONAL PROF JOSÉ SEBASTIÃO SANTOS - PONTO NOVO (zona 2)",27,CLARIANA ZACARKIM BARAO,2,2026,1,0
35,"CEPJSS, CENTRO EDUCACIONAL PROF JOSÉ SEBASTIÃO SANTOS - PONTO NOVO (zona 2)",29,RUI COSTA PIMENTA,1,2026,1,0
35,"CEPJSS, CENTRO EDUCACIONAL PROF JOSÉ SEBASTIÃO SANTOS - PONTO NOVO (zona 2)",30,ROMEU ZEMA NETO,3,2026,1,0
35,"CEPJSS, CENTRO EDUCACIONAL PROF JOSÉ SEBASTIÃO SANTOS - PONTO NOVO (zona 2)",55,RONALDO RAMOS CAIADO,43,2026,1,0
35,"CEPJSS, CENTRO EDUCACIONAL PROF JOSÉ SEBASTIÃO SANTOS - PONTO NOVO (zona 2)",70,AUGUSTO JORGE CURY,43,2026,1,0
35,"CEPJSS, CENTRO EDUCACIONAL PROF JOSÉ SEBASTIÃO SANTOS - PONTO NOVO (zona 2)",95,VOTO BRANCO,13,2026,1,0
35,"CEPJSS, CENTRO EDUCACIONAL PROF JOSÉ SEBASTIÃO SANTOS - PONTO NOVO (zona 2)",96,VOTO NULO,30,2026,1,0
36,"CLODOALDO DE ALENCAR, ESCOLA ESTADUAL - CIDADE NOVA (zona 1)",13,LUIZ INÁCIO LULA DA SILVA,1183,2026,1,0
36,"CLODOALDO DE ALENCAR, ESCOLA ESTADUAL - CIDADE NOVA (zona 1)",14,RENAN ANTONIO FERREIRA DOS SANTOS,29,2026,1,0
36,"CLODOALDO DE ALENCAR, ESCOLA ESTADUAL - CIDADE NOVA (zona 1)",21,EDMILSON SILVA COSTA,1,2026,1,0
36,"CLODOALDO DE ALENCAR, ESCOLA ESTADUAL - CIDADE NOVA (zona 1)",22,FLAVIO NANTES BOLSONARO,587,2026,1,0
36,"CLODOALDO DE ALENCAR, ESCOLA ESTADUAL - CIDADE NOVA (zona 1)",27,CLARIANA ZACARKIM BARAO,1,2026,1,0
36,"CLODOALDO DE ALENCAR, ESCOLA ESTADUAL - CIDADE NOVA (zona 1)",28,LEONARDO ALVES DE ARAUJO,1,2026,1,0
36,"CLODOALDO DE ALENCAR, ESCOLA ESTADUAL - CIDADE NOVA (zona 1)",35,WILSON GRASSI JUNIOR,1,2026,1,0
36,"CLODOALDO DE ALENCAR, ESCOLA ESTADUAL - CIDADE NOVA (zona 1)",55,RONALDO RAMOS CAIADO,63,2026,1,0
36,"CLODOALDO DE ALENCAR, ESCOLA ESTADUAL - CIDADE NOVA (zona 1)",70,AUGUSTO JORGE CURY,70,2026,1,0
36,"CLODOALDO DE ALENCAR, ESCOLA ESTADUAL - CIDADE NOVA (zona 1)",80,SAMARA MARTINS DA SILVA FEITOSA,3,2026,1,0
36,"CLODOALDO DE ALENCAR, ESCOLA ESTADUAL - CIDADE NOVA (zona 1)",95,VOTO BRANCO,46,2026,1,0
36,"CLODOALDO DE ALENCAR, ESCOLA ESTADUAL - CIDADE NOVA (zona 1)",96,VOTO NULO,102,2026,1,0
37,CLUBE DO TRABALHADOR (SESI) - INDUSTRIAL (zona 1),13,LUIZ INÁCIO LULA DA SILVA,730,2026,1,0
37,CLUBE DO TRABALHADOR (SESI) - INDUSTRIAL (zona 1),14,RENAN ANTONIO FERREIRA DOS SANTOS,30,2026,1,0
37,CLUBE DO TRABALHADOR (SESI) - INDUSTRIAL (zona 1),16,HERTZ DA CONCEICAO DIAS,1,2026,1,0
37,CLUBE DO TRABALHADOR (SESI) - INDUSTRIAL (zona 1),22,FLAVIO NANTES BOLSONARO,566,2026,1,0
37,CLUBE DO TRABALHADOR (SESI) - INDUSTRIAL (zona 1),29,RUI COSTA PIMENTA,1,2026,1,0
37,CLUBE DO TRABALHADOR (SESI) - INDUSTRIAL (zona 1),30,ROMEU ZEMA NETO,2,2026,1,0
37,CLUBE DO TRABALHADOR (SESI) - INDUSTRIAL (zona 1),55,RONALDO RAMOS CAIADO,30,2026,1,0
37,CLUBE DO TRABALHADOR (SESI) - INDUSTRIAL (zona 1),70,AUGUSTO JORGE CURY,51,2026,1,0
37,CLUBE DO TRABALHADOR (SESI) - INDUSTRIAL (zona 1),95,VOTO BRANCO,21,2026,1,0
37,CLUBE DO TRABALHADOR (SESI) - INDUSTRIAL (zona 1),96,VOTO NULO,38,2026,1,0
38,COESI - GRAGERU (zona 2),13,LUIZ INÁCIO LULA DA SILVA,956,2026,1,0
38,COESI - GRAGERU (zona 2),14,RENAN ANTONIO FERREIRA DOS SANTOS,69,2026,1,0
38,COESI - GRAGERU (zona 2),16,HERTZ DA CONCEICAO DIAS,2,2026,1,0
38,COESI - GRAGERU (zona 2),22,FLAVIO NANTES BOLSONARO,711,2026,1,0
38,COESI - GRAGERU (zona 2),27,CLARIANA ZACARKIM BARAO,1,2026,1,0
38,COESI - GRAGERU (zona 2),29,RUI COSTA PIMENTA,1,2026,1,0
38,COESI - GRAGERU (zona 2),30,ROMEU ZEMA NETO,4,2026,1,0
38,COESI - GRAGERU (zona 2),55,RONALDO RAMOS CAIADO,45,2026,1,0
38,COESI - GRAGERU (zona 2),70,AUGUSTO JORGE CURY,61,2026,1,0
38,COESI - GRAGERU (zona 2),80,SAMARA MARTINS DA SILVA FEITOSA,1,2026,1,0
38,COESI - GRAGERU (zona 2),95,VOTO BRANCO,16,2026,1,0
38,COESI - GRAGERU (zona 2),96,VOTO NULO,35,2026,1,0
39,COHIDRO - NOVO PARAISO (zona 2),13,LUIZ INÁCIO LULA DA SILVA,1359,2026,1,0
39,COHIDRO - NOVO PARAISO (zona 2),14,RENAN ANTONIO FERREIRA DOS SANTOS,56,2026,1,0
39,COHIDRO - NOVO PARAISO (zona 2),16,HERTZ DA CONCEICAO DIAS,1,2026,1,0
39,COHIDRO - NOVO PARAISO (zona 2),22,FLAVIO NANTES BOLSONARO,884,2026,1,0
39,COHIDRO - NOVO PARAISO (zona 2),27,CLARIANA ZACARKIM BARAO,1,2026,1,0
39,COHIDRO - NOVO PARAISO (zona 2),30,ROMEU ZEMA NETO,4,2026,1,0
39,COHIDRO - NOVO PARAISO (zona 2),55,RONALDO RAMOS CAIADO,51,2026,1,0
39,COHIDRO - NOVO PARAISO (zona 2),70,AUGUSTO JORGE CURY,88,2026,1,0
39,COHIDRO - NOVO PARAISO (zona 2),80,SAMARA MARTINS DA SILVA FEITOSA,3,2026,1,0
39,COHIDRO - NOVO PARAISO (zona 2),95,VOTO BRANCO,55,2026,1,0
39,COHIDRO - NOVO PARAISO (zona 2),96,VOTO NULO,73,2026,1,0
40,COLEGIO ESPLENDOR - FAROLANDIA (zona 27),13,LUIZ INÁCIO LULA DA SILVA,796,2026,1,0
40,COLEGIO ESPLENDOR - FAROLANDIA (zona 27),14,RENAN ANTONIO FERREIRA DOS SANTOS,59,2026,1,0
40,COLEGIO ESPLENDOR - FAROLANDIA (zona 27),16,HERTZ DA CONCEICAO DIAS,3,2026,1,0
40,COLEGIO ESPLENDOR - FAROLANDIA (zona 27),22,FLAVIO NANTES BOLSONARO,479,2026,1,0
40,COLEGIO ESPLENDOR - FAROLANDIA (zona 27),27,CLARIANA ZACARKIM BARAO,1,2026,1,0
40,COLEGIO ESPLENDOR - FAROLANDIA (zona 27),30,ROMEU ZEMA NETO,1,2026,1,0
40,COLEGIO ESPLENDOR - FAROLANDIA (zona 27),55,RONALDO RAMOS CAIADO,19,2026,1,0
40,COLEGIO ESPLENDOR - FAROLANDIA (zona 27),70,AUGUSTO JORGE CURY,53,2026,1,0
40,COLEGIO ESPLENDOR - FAROLANDIA (zona 27),95,VOTO BRANCO,19,2026,1,0
40,COLEGIO ESPLENDOR - FAROLANDIA (zona 27),96,VOTO NULO,33,2026,1,0
41,COLEGIO MICHELANGELO - JABOTIANA (zona 27),13,LUIZ INÁCIO LULA DA SILVA,577,2026,1,0
41,COLEGIO MICHELANGELO - JABOTIANA (zona 27),14,RENAN ANTONIO FERREIRA DOS SANTOS,14,2026,1,0
41,COLEGIO MICHELANGELO - JABOTIANA (zona 27),21,EDMILSON SILVA COSTA,1,2026,1,0
41,COLEGIO MICHELANGELO - JABOTIANA (zona 27),22,FLAVIO NANTES BOLSONARO,477,2026,1,0
41,COLEGIO MICHELANGELO - JABOTIANA (zona 27),27,CLARIANA ZACARKIM BARAO,2,2026,1,0
41,COLEGIO MICHELANGELO - JABOTIANA (zona 27),30,ROMEU ZEMA NETO,4,2026,1,0
41,COLEGIO MICHELANGELO - JABOTIANA (zona 27),55,RONALDO RAMOS CAIADO,21,2026,1,0
41,COLEGIO MICHELANGELO - JABOTIANA (zona 27),70,AUGUSTO JORGE CURY,37,2026,1,0
41,COLEGIO MICHELANGELO - JABOTIANA (zona 27),95,VOTO BRANCO,12,2026,1,0
41,COLEGIO MICHELANGELO - JABOTIANA (zona 27),96,VOTO NULO,27,2026,1,0
42,COLÉGIO APRENDIZ - ARUANA (zona 27),13,LUIZ INÁCIO LULA DA SILVA,791,2026,1,0
42,COLÉGIO APRENDIZ - ARUANA (zona 27),14,RENAN ANTONIO FERREIRA DOS SANTOS,65,2026,1,0
42,COLÉGIO APRENDIZ - ARUANA (zona 27),16,HERTZ DA CONCEICAO DIAS,2,2026,1,0
42,COLÉGIO APRENDIZ - ARUANA (zona 27),22,FLAVIO NANTES BOLSONARO,649,2026,1,0
42,COLÉGIO APRENDIZ - ARUANA (zona 27),30,ROMEU ZEMA NETO,5,2026,1,0
42,COLÉGIO APRENDIZ - ARUANA (zona 27),55,RONALDO RAMOS CAIADO,32,2026,1,0
42,COLÉGIO APRENDIZ - ARUANA (zona 27),70,AUGUSTO JORGE CURY,49,2026,1,0
42,COLÉGIO APRENDIZ - ARUANA (zona 27),80,SAMARA MARTINS DA SILVA FEITOSA,3,2026,1,0
42,COLÉGIO APRENDIZ - ARUANA (zona 27),95,VOTO BRANCO,18,2026,1,0
42,COLÉGIO APRENDIZ - ARUANA (zona 27),96,VOTO NULO,29,2026,1,0
43,COLÉGIO ARQUI LTDA - FAROLANDIA (zona 27),13,LUIZ INÁCIO LULA DA SILVA,704,2026,1,0
43,COLÉGIO ARQUI LTDA - FAROLANDIA (zona 27),14,RENAN ANTONIO FERREIRA DOS SANTOS,62,2026,1,0
43,COLÉGIO ARQUI LTDA - FAROLANDIA (zona 27),16,HERTZ DA CONCEICAO DIAS,1,2026,1,0
43,COLÉGIO ARQUI LTDA - FAROLANDIA (zona 27),22,FLAVIO NANTES BOLSONARO,611,2026,1,0
43,COLÉGIO ARQUI LTDA - FAROLANDIA (zona 27),29,RUI COSTA PIMENTA,1,2026,1,0
43,COLÉGIO ARQUI LTDA - FAROLANDIA (zona 27),30,ROMEU ZEMA NETO,6,2026,1,0
43,COLÉGIO ARQUI LTDA - FAROLANDIA (zona 27),55,RONALDO RAMOS CAIADO,39,2026,1,0
43,COLÉGIO ARQUI LTDA - FAROLANDIA (zona 27),70,AUGUSTO JORGE CURY,60,2026,1,0
43,COLÉGIO ARQUI LTDA - FAROLANDIA (zona 27),80,SAMARA MARTINS DA SILVA FEITOSA,3,2026,1,0
43,COLÉGIO ARQUI LTDA - FAROLANDIA (zona 27),95,VOTO BRANCO,15,2026,1,0
43,COLÉGIO ARQUI LTDA - FAROLANDIA (zona 27),96,VOTO NULO,22,2026,1,0
44,COLÉGIO BRASIL - ATALAIA (zona 27),13,LUIZ INÁCIO LULA DA SILVA,475,2026,1,0
44,COLÉGIO BRASIL - ATALAIA (zona 27),14,RENAN ANTONIO FERREIRA DOS SANTOS,15,2026,1,0
44,COLÉGIO BRASIL - ATALAIA (zona 27),22,FLAVIO NANTES BOLSONARO,355,2026,1,0
44,COLÉGIO BRASIL - ATALAIA (zona 27),30,ROMEU ZEMA NETO,2,2026,1,0
44,COLÉGIO BRASIL - ATALAIA (zona 27),55,RONALDO RAMOS CAIADO,25,2026,1,0
44,COLÉGIO BRASIL - ATALAIA (zona 27),70,AUGUSTO JORGE CURY,33,2026,1,0
44,COLÉGIO BRASIL - ATALAIA (zona 27),80,SAMARA MARTINS DA SILVA FEITOSA,1,2026,1,0
44,COLÉGIO BRASIL - ATALAIA (zona 27),95,VOTO BRANCO,11,2026,1,0
44,COLÉGIO BRASIL - ATALAIA (zona 27),96,VOTO NULO,16,2026,1,0
45,COLÉGIO CELEBRIDADES - AEROPORTO (zona 27),13,LUIZ INÁCIO LULA DA SILVA,723,2026,1,0
45,COLÉGIO CELEBRIDADES - AEROPORTO (zona 27),14,RENAN ANTONIO FERREIRA DOS SANTOS,57,2026,1,0
45,COLÉGIO CELEBRIDADES - AEROPORTO (zona 27),21,EDMILSON SILVA COSTA,1,2026,1,0
45,COLÉGIO CELEBRIDADES - AEROPORTO (zona 27),22,FLAVIO NANTES BOLSONARO,540,2026,1,0
45,COLÉGIO CELEBRIDADES - AEROPORTO (zona 27),27,CLARIANA ZACARKIM BARAO,1,2026,1,0
45,COLÉGIO CELEBRIDADES - AEROPORTO (zona 27),30,ROMEU ZEMA NETO,2,2026,1,0
45,COLÉGIO CELEBRIDADES - AEROPORTO (zona 27),55,RONALDO RAMOS CAIADO,32,2026,1,0
45,COLÉGIO CELEBRIDADES - AEROPORTO (zona 27),70,AUGUSTO JORGE CURY,48,2026,1,0
45,COLÉGIO CELEBRIDADES - AEROPORTO (zona 27),80,SAMARA MARTINS DA SILVA FEITOSA,6,2026,1,0
45,COLÉGIO CELEBRIDADES - AEROPORTO (zona 27),95,VOTO BRANCO,9,2026,1,0
45,COLÉGIO CELEBRIDADES - AEROPORTO (zona 27),96,VOTO NULO,43,2026,1,0
46,COLÉGIO ESTADUAL ALCEU AMOROSO LIMA - AEROPORTO (zona 27),13,LUIZ INÁCIO LULA DA SILVA,1204,2026,1,0
46,COLÉGIO ESTADUAL ALCEU AMOROSO LIMA - AEROPORTO (zona 27),14,RENAN ANTONIO FERREIRA DOS SANTOS,21,2026,1,0
46,COLÉGIO ESTADUAL ALCEU AMOROSO LIMA - AEROPORTO (zona 27),16,HERTZ DA CONCEICAO DIAS,1,2026,1,0
46,COLÉGIO ESTADUAL ALCEU AMOROSO LIMA - AEROPORTO (zona 27),21,EDMILSON SILVA COSTA,1,2026,1,0
46,COLÉGIO ESTADUAL ALCEU AMOROSO LIMA - AEROPORTO (zona 27),22,FLAVIO NANTES BOLSONARO,852,2026,1,0
46,COLÉGIO ESTADUAL ALCEU AMOROSO LIMA - AEROPORTO (zona 27),27,CLARIANA ZACARKIM BARAO,2,2026,1,0
46,COLÉGIO ESTADUAL ALCEU AMOROSO LIMA - AEROPORTO (zona 27),28,LEONARDO ALVES DE ARAUJO,1,2026,1,0
46,COLÉGIO ESTADUAL ALCEU AMOROSO LIMA - AEROPORTO (zona 27),30,ROMEU ZEMA NETO,3,2026,1,0
46,COLÉGIO ESTADUAL ALCEU AMOROSO LIMA - AEROPORTO (zona 27),55,RONALDO RAMOS CAIADO,46,2026,1,0
46,COLÉGIO ESTADUAL ALCEU AMOROSO LIMA - AEROPORTO (zona 27),70,AUGUSTO JORGE CURY,72,2026,1,0
46,COLÉGIO ESTADUAL ALCEU AMOROSO LIMA - AEROPORTO (zona 27),80,SAMARA MARTINS DA SILVA FEITOSA,2,2026,1,0
46,COLÉGIO ESTADUAL ALCEU AMOROSO LIMA - AEROPORTO (zona 27),95,VOTO BRANCO,28,2026,1,0
46,COLÉGIO ESTADUAL ALCEU AMOROSO LIMA - AEROPORTO (zona 27),96,VOTO NULO,71,2026,1,0
47,COLÉGIO ESTADUAL DOUTOR JUGURTA BARRETO DE LIMA - SANTA MARIA (zona 27),13,LUIZ INÁCIO LULA DA SILVA,1184,2026,1,0
47,COLÉGIO ESTADUAL DOUTOR JUGURTA BARRETO DE LIMA - SANTA MARIA (zona 27),14,RENAN ANTONIO FERREIRA DOS SANTOS,19,2026,1,0
47,COLÉGIO ESTADUAL DOUTOR JUGURTA BARRETO DE LIMA - SANTA MARIA (zona 27),22,FLAVIO NANTES BOLSONARO,592,2026,1,0
47,COLÉGIO ESTADUAL DOUTOR JUGURTA BARRETO DE LIMA - SANTA MARIA (zona 27),27,CLARIANA ZACARKIM BARAO,2,2026,1,0
47,COLÉGIO ESTADUAL DOUTOR JUGURTA BARRETO DE LIMA - SANTA MARIA (zona 27),55,RONALDO RAMOS CAIADO,61,2026,1,0
47,COLÉGIO ESTADUAL DOUTOR JUGURTA BARRETO DE LIMA - SANTA MARIA (zona 27),70,AUGUSTO JORGE CURY,81,2026,1,0
47,COLÉGIO ESTADUAL DOUTOR JUGURTA BARRETO DE LIMA - SANTA MARIA (zona 27),80,SAMARA MARTINS DA SILVA FEITOSA,2,2026,1,0
47,COLÉGIO ESTADUAL DOUTOR JUGURTA BARRETO DE LIMA - SANTA MARIA (zona 27),95,VOTO BRANCO,64,2026,1,0
47,COLÉGIO ESTADUAL DOUTOR JUGURTA BARRETO DE LIMA - SANTA MARIA (zona 27),96,VOTO NULO,111,2026,1,0
48,COLÉGIO ESTADUAL LEONOR TELES DE MENEZES - MOSQUEIRO (zona 27),13,LUIZ INÁCIO LULA DA SILVA,679,2026,1,0
48,COLÉGIO ESTADUAL LEONOR TELES DE MENEZES - MOSQUEIRO (zona 27),14,RENAN ANTONIO FERREIRA DOS SANTOS,7,2026,1,0
48,COLÉGIO ESTADUAL LEONOR TELES DE MENEZES - MOSQUEIRO (zona 27),22,FLAVIO NANTES BOLSONARO,366,2026,1,0
48,COLÉGIO ESTADUAL LEONOR TELES DE MENEZES - MOSQUEIRO (zona 27),27,CLARIANA ZACARKIM BARAO,1,2026,1,0
48,COLÉGIO ESTADUAL LEONOR TELES DE MENEZES - MOSQUEIRO (zona 27),30,ROMEU ZEMA NETO,1,2026,1,0
48,COLÉGIO ESTADUAL LEONOR TELES DE MENEZES - MOSQUEIRO (zona 27),55,RONALDO RAMOS CAIADO,34,2026,1,0
48,COLÉGIO ESTADUAL LEONOR TELES DE MENEZES - MOSQUEIRO (zona 27),70,AUGUSTO JORGE CURY,38,2026,1,0
48,COLÉGIO ESTADUAL LEONOR TELES DE MENEZES - MOSQUEIRO (zona 27),95,VOTO BRANCO,22,2026,1,0
48,COLÉGIO ESTADUAL LEONOR TELES DE MENEZES - MOSQUEIRO (zona 27),96,VOTO NULO,64,2026,1,0
49,COLÉGIO ESTADUAL PAULINO NASCIMENTO - POVOADO ROBALO (zona 27),13,LUIZ INÁCIO LULA DA SILVA,386,2026,1,0
49,COLÉGIO ESTADUAL PAULINO NASCIMENTO - POVOADO ROBALO (zona 27),14,RENAN ANTONIO FERREIRA DOS SANTOS,23,2026,1,0
49,COLÉGIO ESTADUAL PAULINO NASCIMENTO - POVOADO ROBALO (zona 27),22,FLAVIO NANTES BOLSONARO,255,2026,1,0
49,COLÉGIO ESTADUAL PAULINO NASCIMENTO - POVOADO ROBALO (zona 27),27,CLARIANA ZACARKIM BARAO,1,2026,1,0
49,COLÉGIO ESTADUAL PAULINO NASCIMENTO - POVOADO ROBALO (zona 27),55,RONALDO RAMOS CAIADO,13,2026,1,0
49,COLÉGIO ESTADUAL PAULINO NASCIMENTO - POVOADO ROBALO (zona 27),70,AUGUSTO JORGE CURY,28,2026,1,0
49,COLÉGIO ESTADUAL PAULINO NASCIMENTO - POVOADO ROBALO (zona 27),95,VOTO BRANCO,12,2026,1,0
49,COLÉGIO ESTADUAL PAULINO NASCIMENTO - POVOADO ROBALO (zona 27),96,VOTO NULO,29,2026,1,0
50,COLÉGIO ESTADUAL PROFESSOR JOAQUIM VIEIRA SOBRAL - JABOTIANA (zona 27),13,LUIZ INÁCIO LULA DA SILVA,1027,2026,1,0
50,COLÉGIO ESTADUAL PROFESSOR JOAQUIM VIEIRA SOBRAL - JABOTIANA (zona 27),14,RENAN ANTONIO FERREIRA DOS SANTOS,31,2026,1,0
50,COLÉGIO ESTADUAL PROFESSOR JOAQUIM VIEIRA SOBRAL - JABOTIANA (zona 27),22,FLAVIO NANTES BOLSONARO,707,2026,1,0
50,COLÉGIO ESTADUAL PROFESSOR JOAQUIM VIEIRA SOBRAL - JABOTIANA (zona 27),27,CLARIANA ZACARKIM BARAO,2,2026,1,0
50,COLÉGIO ESTADUAL PROFESSOR JOAQUIM VIEIRA SOBRAL - JABOTIANA (zona 27),29,RUI COSTA PIMENTA,1,2026,1,0
50,COLÉGIO ESTADUAL PROFESSOR JOAQUIM VIEIRA SOBRAL - JABOTIANA (zona 27),30,ROMEU ZEMA NETO,5,2026,1,0
50,COLÉGIO ESTADUAL PROFESSOR JOAQUIM VIEIRA SOBRAL - JABOTIANA (zona 27),55,RONALDO RAMOS CAIADO,55,2026,1,0
50,COLÉGIO ESTADUAL PROFESSOR JOAQUIM VIEIRA SOBRAL - JABOTIANA (zona 27),70,AUGUSTO JORGE CURY,63,2026,1,0
50,COLÉGIO ESTADUAL PROFESSOR JOAQUIM VIEIRA SOBRAL - JABOTIANA (zona 27),95,VOTO BRANCO,24,2026,1,0
50,COLÉGIO ESTADUAL PROFESSOR JOAQUIM VIEIRA SOBRAL - JABOTIANA (zona 27),96,VOTO NULO,39,2026,1,0
51,COLÉGIO INTELLECTUS - COROA DO MEIO (zona 27),13,LUIZ INÁCIO LULA DA SILVA,721,2026,1,0
51,COLÉGIO INTELLECTUS - COROA DO MEIO (zona 27),14,RENAN ANTONIO FERREIRA DOS SANTOS,55,2026,1,0
51,COLÉGIO INTELLECTUS - COROA DO MEIO (zona 27),16,HERTZ DA CONCEICAO DIAS,2,2026,1,0
51,COLÉGIO INTELLECTUS - COROA DO MEIO (zona 27),21,EDMILSON SILVA COSTA,1,2026,1,0
51,COLÉGIO INTELLECTUS - COROA DO MEIO (zona 27),22,FLAVIO NANTES BOLSONARO,514,2026,1,0
51,COLÉGIO INTELLECTUS - COROA DO MEIO (zona 27),29,RUI COSTA PIMENTA,1,2026,1,0
51,COLÉGIO INTELLECTUS - COROA DO MEIO (zona 27),30,ROMEU ZEMA NETO,3,2026,1,0
51,COLÉGIO INTELLECTUS - COROA DO MEIO (zona 27),35,WILSON GRASSI JUNIOR,1,2026,1,0
51,COLÉGIO INTELLECTUS - COROA DO MEIO (zona 27),55,RONALDO RAMOS CAIADO,30,2026,1,0
51,COLÉGIO INTELLECTUS - COROA DO MEIO (zona 27),70,AUGUSTO JORGE CURY,39,2026,1,0
51,COLÉGIO INTELLECTUS - COROA DO MEIO (zona 27),80,SAMARA MARTINS DA SILVA FEITOSA,3,2026,1,0
51,COLÉGIO INTELLECTUS - COROA DO MEIO (zona 27),95,VOTO BRANCO,14,2026,1,0
51,COLÉGIO INTELLECTUS - COROA DO MEIO (zona 27),96,VOTO NULO,27,2026,1,0
52,COLÉGIO JARDINS AII - SAO CONRADO (zona 27),13,LUIZ INÁCIO LULA DA SILVA,690,2026,1,0
52,COLÉGIO JARDINS AII - SAO CONRADO (zona 27),14,RENAN ANTONIO FERREIRA DOS SANTOS,53,2026,1,0
52,COLÉGIO JARDINS AII - SAO CONRADO (zona 27),16,HERTZ DA CONCEICAO DIAS,3,2026,1,0
52,COLÉGIO JARDINS AII - SAO CONRADO (zona 27),22,FLAVIO NANTES BOLSONARO,366,2026,1,0
52,COLÉGIO JARDINS AII - SAO CONRADO (zona 27),27,CLARIANA ZACARKIM BARAO,1,2026,1,0
52,COLÉGIO JARDINS AII - SAO CONRADO (zona 27),30,ROMEU ZEMA NETO,1,2026,1,0
52,COLÉGIO JARDINS AII - SAO CONRADO (zona 27),55,RONALDO RAMOS CAIADO,23,2026,1,0
52,COLÉGIO JARDINS AII - SAO CONRADO (zona 27),70,AUGUSTO JORGE CURY,46,2026,1,0
52,COLÉGIO JARDINS AII - SAO CONRADO (zona 27),95,VOTO BRANCO,25,2026,1,0
52,COLÉGIO JARDINS AII - SAO CONRADO (zona 27),96,VOTO NULO,36,2026,1,0
53,COLÉGIO SAN RAFAEL - SAO CONRADO (zona 27),13,LUIZ INÁCIO LULA DA SILVA,300,2026,1,0
53,COLÉGIO SAN RAFAEL - SAO CONRADO (zona 27),14,RENAN ANTONIO FERREIRA DOS SANTOS,32,2026,1,0
53,COLÉGIO SAN RAFAEL - SAO CONRADO (zona 27),16,HERTZ DA CONCEICAO DIAS,1,2026,1,0
53,COLÉGIO SAN RAFAEL - SAO CONRADO (zona 27),22,FLAVIO NANTES BOLSONARO,184,2026,1,0
53,COLÉGIO SAN RAFAEL - SAO CONRADO (zona 27),27,CLARIANA ZACARKIM BARAO,1,2026,1,0
53,COLÉGIO SAN RAFAEL - SAO CONRADO (zona 27),29,RUI COSTA PIMENTA,1,2026,1,0
53,COLÉGIO SAN RAFAEL - SAO CONRADO (zona 27),30,ROMEU ZEMA NETO,1,2026,1,0
53,COLÉGIO SAN RAFAEL - SAO CONRADO (zona 27),55,RONALDO RAMOS CAIADO,11,2026,1,0
53,COLÉGIO SAN RAFAEL - SAO CONRADO (zona 27),70,AUGUSTO JORGE CURY,20,2026,1,0
53,COLÉGIO SAN RAFAEL - SAO CONRADO (zona 27),80,SAMARA MARTINS DA SILVA FEITOSA,1,2026,1,0
53,COLÉGIO SAN RAFAEL - SAO CONRADO (zona 27),95,VOTO BRANCO,16,2026,1,0
53,COLÉGIO SAN RAFAEL - SAO CONRADO (zona 27),96,VOTO NULO,9,2026,1,0
54,COLÉGIO TIRADENTES - INDUSTRIAL (zona 1),13,LUIZ INÁCIO LULA DA SILVA,516,2026,1,0
54,COLÉGIO TIRADENTES - INDUSTRIAL (zona 1),14,RENAN ANTONIO FERREIRA DOS SANTOS,22,2026,1,0
54,COLÉGIO TIRADENTES - INDUSTRIAL (zona 1),22,FLAVIO NANTES BOLSONARO,328,2026,1,0
54,COLÉGIO TIRADENTES - INDUSTRIAL (zona 1),29,RUI COSTA PIMENTA,1,2026,1,0
54,COLÉGIO TIRADENTES - INDUSTRIAL (zona 1),30,ROMEU ZEMA NETO,1,2026,1,0
54,COLÉGIO TIRADENTES - INDUSTRIAL (zona 1),55,RONALDO RAMOS CAIADO,23,2026,1,0
54,COLÉGIO TIRADENTES - INDUSTRIAL (zona 1),70,AUGUSTO JORGE CURY,36,2026,1,0
54,COLÉGIO TIRADENTES - INDUSTRIAL (zona 1),80,SAMARA MARTINS DA SILVA FEITOSA,1,2026,1,0
54,COLÉGIO TIRADENTES - INDUSTRIAL (zona 1),95,VOTO BRANCO,23,2026,1,0
54,COLÉGIO TIRADENTES - INDUSTRIAL (zona 1),96,VOTO NULO,25,2026,1,0
55,CRAS (CSU)-PROF GONCALO ROLLEMBERG LEITE - JOSE CONRADO DE ARAUJO (zona 1),13,LUIZ INÁCIO LULA DA SILVA,359,2026,1,0
55,CRAS (CSU)-PROF GONCALO ROLLEMBERG LEITE - JOSE CONRADO DE ARAUJO (zona 1),14,RENAN ANTONIO FERREIRA DOS SANTOS,20,2026,1,0
55,CRAS (CSU)-PROF GONCALO ROLLEMBERG LEITE - JOSE CONRADO DE ARAUJO (zona 1),22,FLAVIO NANTES BOLSONARO,296,2026,1,0
55,CRAS (CSU)-PROF GONCALO ROLLEMBERG LEITE - JOSE CONRADO DE ARAUJO (zona 1),27,CLARIANA ZACARKIM BARAO,1,2026,1,0
55,CRAS (CSU)-PROF GONCALO ROLLEMBERG LEITE - JOSE CONRADO DE ARAUJO (zona 1),55,RONALDO RAMOS CAIADO,15,2026,1,0
55,CRAS (CSU)-PROF GONCALO ROLLEMBERG LEITE - JOSE CONRADO DE ARAUJO (zona 1),70,AUGUSTO JORGE CURY,31,2026,1,0
55,CRAS (CSU)-PROF GONCALO ROLLEMBERG LEITE - JOSE CONRADO DE ARAUJO (zona 1),95,VOTO BRANCO,11,2026,1,0
55,CRAS (CSU)-PROF GONCALO ROLLEMBERG LEITE - JOSE CONRADO DE ARAUJO (zona 1),96,VOTO NULO,32,2026,1,0
56,CRAS - CENTRO DE REFERENCIA DA ASSISTENCIA SOCIAL - COROA DO MEIO (zona 27),13,LUIZ INÁCIO LULA DA SILVA,635,2026,1,0
56,CRAS - CENTRO DE REFERENCIA DA ASSISTENCIA SOCIAL - COROA DO MEIO (zona 27),14,RENAN ANTONIO FERREIRA DOS SANTOS,15,2026,1,0
56,CRAS - CENTRO DE REFERENCIA DA ASSISTENCIA SOCIAL - COROA DO MEIO (zona 27),22,FLAVIO NANTES BOLSONARO,503,2026,1,0
56,CRAS - CENTRO DE REFERENCIA DA ASSISTENCIA SOCIAL - COROA DO MEIO (zona 27),30,ROMEU ZEMA NETO,3,2026,1,0
56,CRAS - CENTRO DE REFERENCIA DA ASSISTENCIA SOCIAL - COROA DO MEIO (zona 27),55,RONALDO RAMOS CAIADO,30,2026,1,0
56,CRAS - CENTRO DE REFERENCIA DA ASSISTENCIA SOCIAL - COROA DO MEIO (zona 27),70,AUGUSTO JORGE CURY,48,2026,1,0
56,CRAS - CENTRO DE REFERENCIA DA ASSISTENCIA SOCIAL - COROA DO MEIO (zona 27),80,SAMARA MARTINS DA SILVA FEITOSA,2,2026,1,0
56,CRAS - CENTRO DE REFERENCIA DA ASSISTENCIA SOCIAL - COROA DO MEIO (zona 27),95,VOTO BRANCO,8,2026,1,0
56,CRAS - CENTRO DE REFERENCIA DA ASSISTENCIA SOCIAL - COROA DO MEIO (zona 27),96,VOTO NULO,26,2026,1,0
57,"DINÂMICO, COLÉGIO - SALGADO FILHO (zona 2)",13,LUIZ INÁCIO LULA DA SILVA,604,2026,1,0
57,"DINÂMICO, COLÉGIO - SALGADO FILHO (zona 2)",14,RENAN ANTONIO FERREIRA DOS SANTOS,29,2026,1,0
57,"DINÂMICO, COLÉGIO - SALGADO FILHO (zona 2)",21,EDMILSON SILVA COSTA,1,2026,1,0
57,"DINÂMICO, COLÉGIO - SALGADO FILHO (zona 2)",22,FLAVIO NANTES BOLSONARO,664,2026,1,0
57,"DINÂMICO, COLÉGIO - SALGADO FILHO (zona 2)",27,CLARIANA ZACARKIM BARAO,1,2026,1,0
57,"DINÂMICO, COLÉGIO - SALGADO FILHO (zona 2)",30,ROMEU ZEMA NETO,5,2026,1,0
57,"DINÂMICO, COLÉGIO - SALGADO FILHO (zona 2)",55,RONALDO RAMOS CAIADO,41,2026,1,0
57,"DINÂMICO, COLÉGIO - SALGADO FILHO (zona 2)",70,AUGUSTO JORGE CURY,54,2026,1,0
57,"DINÂMICO, COLÉGIO - SALGADO FILHO (zona 2)",80,SAMARA MARTINS DA SILVA FEITOSA,1,2026,1,0
57,"DINÂMICO, COLÉGIO - SALGADO FILHO (zona 2)",95,VOTO BRANCO,17,2026,1,0
57,"DINÂMICO, COLÉGIO - SALGADO FILHO (zona 2)",96,VOTO NULO,20,2026,1,0
58,"DO SALVADOR, COLÉGIO - JARDINS (zona 2)",13,LUIZ INÁCIO LULA DA SILVA,1374,2026,1,0
58,"DO SALVADOR, COLÉGIO - JARDINS (zona 2)",14,RENAN ANTONIO FERREIRA DOS SANTOS,78,2026,1,0
58,"DO SALVADOR, COLÉGIO - JARDINS (zona 2)",16,HERTZ DA CONCEICAO DIAS,1,2026,1,0
58,"DO SALVADOR, COLÉGIO - JARDINS (zona 2)",22,FLAVIO NANTES BOLSONARO,1387,2026,1,0
58,"DO SALVADOR, COLÉGIO - JARDINS (zona 2)",27,CLARIANA ZACARKIM BARAO,2,2026,1,0
58,"DO SALVADOR, COLÉGIO - JARDINS (zona 2)",30,ROMEU ZEMA NETO,10,2026,1,0
58,"DO SALVADOR, COLÉGIO - JARDINS (zona 2)",55,RONALDO RAMOS CAIADO,112,2026,1,0
58,"DO SALVADOR, COLÉGIO - JARDINS (zona 2)",70,AUGUSTO JORGE CURY,87,2026,1,0
58,"DO SALVADOR, COLÉGIO - JARDINS (zona 2)",80,SAMARA MARTINS DA SILVA FEITOSA,4,2026,1,0
58,"DO SALVADOR, COLÉGIO - JARDINS (zona 2)",95,VOTO BRANCO,30,2026,1,0
58,"DO SALVADOR, COLÉGIO - JARDINS (zona 2)",96,VOTO NULO,34,2026,1,0
59,"DOM HELDER CÂMARA, E.M.E.F - INDUSTRIAL (zona 1)",13,LUIZ INÁCIO LULA DA SILVA,637,2026,1,0
59,"DOM HELDER CÂMARA, E.M.E.F - INDUSTRIAL (zona 1)",14,RENAN ANTONIO FERREIRA DOS SANTOS,18,2026,1,0
59,"DOM HELDER CÂMARA, E.M.E.F - INDUSTRIAL (zona 1)",22,FLAVIO NANTES BOLSONARO,437,2026,1,0
59,"DOM HELDER CÂMARA, E.M.E.F - INDUSTRIAL (zona 1)",30,ROMEU ZEMA NETO,1,2026,1,0
59,"DOM HELDER CÂMARA, E.M.E.F - INDUSTRIAL (zona 1)",55,RONALDO RAMOS CAIADO,46,2026,1,0
59,"DOM HELDER CÂMARA, E.M.E.F - INDUSTRIAL (zona 1)",70,AUGUSTO JORGE CURY,56,2026,1,0
59,"DOM HELDER CÂMARA, E.M.E.F - INDUSTRIAL (zona 1)",95,VOTO BRANCO,27,2026,1,0
59,"DOM HELDER CÂMARA, E.M.E.F - INDUSTRIAL (zona 1)",96,VOTO NULO,45,2026,1,0
60,"DOM JOSÉ VICENTE TÁVORA, ESC. MUNICIPAL - INDUSTRIAL (zona 1)",13,LUIZ INÁCIO LULA DA SILVA,644,2026,1,0
60,"DOM JOSÉ VICENTE TÁVORA, ESC. MUNICIPAL - INDUSTRIAL (zona 1)",14,RENAN ANTONIO FERREIRA DOS SANTOS,34,2026,1,0
60,"DOM JOSÉ VICENTE TÁVORA, ESC. MUNICIPAL - INDUSTRIAL (zona 1)",16,HERTZ DA CONCEICAO DIAS,1,2026,1,0
60,"DOM JOSÉ VICENTE TÁVORA, ESC. MUNICIPAL - INDUSTRIAL (zona 1)",22,FLAVIO NANTES BOLSONARO,388,2026,1,0
60,"DOM JOSÉ VICENTE TÁVORA, ESC. MUNICIPAL - INDUSTRIAL (zona 1)",55,RONALDO RAMOS CAIADO,23,2026,1,0
60,"DOM JOSÉ VICENTE TÁVORA, ESC. MUNICIPAL - INDUSTRIAL (zona 1)",70,AUGUSTO JORGE CURY,24,2026,1,0
60,"DOM JOSÉ VICENTE TÁVORA, ESC. MUNICIPAL - INDUSTRIAL (zona 1)",80,SAMARA MARTINS DA SILVA FEITOSA,6,2026,1,0
60,"DOM JOSÉ VICENTE TÁVORA, ESC. MUNICIPAL - INDUSTRIAL (zona 1)",95,VOTO BRANCO,22,2026,1,0
60,"DOM JOSÉ VICENTE TÁVORA, ESC. MUNICIPAL - INDUSTRIAL (zona 1)",96,VOTO NULO,49,2026,1,0
61,EMEF ANÍSIO TEIXEIRA - ATALAIA (zona 27),13,LUIZ INÁCIO LULA DA SILVA,998,2026,1,0
61,EMEF ANÍSIO TEIXEIRA - ATALAIA (zona 27),14,RENAN ANTONIO FERREIRA DOS SANTOS,56,2026,1,0
61,EMEF ANÍSIO TEIXEIRA - ATALAIA (zona 27),16,HERTZ DA CONCEICAO DIAS,3,2026,1,0
61,EMEF ANÍSIO TEIXEIRA - ATALAIA (zona 27),22,FLAVIO NANTES BOLSONARO,528,2026,1,0
61,EMEF ANÍSIO TEIXEIRA - ATALAIA (zona 27),27,CLARIANA ZACARKIM BARAO,1,2026,1,0
61,EMEF ANÍSIO TEIXEIRA - ATALAIA (zona 27),28,LEONARDO ALVES DE ARAUJO,1,2026,1,0
61,EMEF ANÍSIO TEIXEIRA - ATALAIA (zona 27),30,ROMEU ZEMA NETO,5,2026,1,0
61,EMEF ANÍSIO TEIXEIRA - ATALAIA (zona 27),55,RONALDO RAMOS CAIADO,17,2026,1,0
61,EMEF ANÍSIO TEIXEIRA - ATALAIA (zona 27),70,AUGUSTO JORGE CURY,50,2026,1,0
61,EMEF ANÍSIO TEIXEIRA - ATALAIA (zona 27),80,SAMARA MARTINS DA SILVA FEITOSA,3,2026,1,0
61,EMEF ANÍSIO TEIXEIRA - ATALAIA (zona 27),95,VOTO BRANCO,24,2026,1,0
61,EMEF ANÍSIO TEIXEIRA - ATALAIA (zona 27),96,VOTO NULO,24,2026,1,0
62,EMEF ELIAS MONTALVÃO - MOSQUEIRO (zona 27),13,LUIZ INÁCIO LULA DA SILVA,722,2026,1,0
62,EMEF ELIAS MONTALVÃO - MOSQUEIRO (zona 27),14,RENAN ANTONIO FERREIRA DOS SANTOS,20,2026,1,0
62,EMEF ELIAS MONTALVÃO - MOSQUEIRO (zona 27),22,FLAVIO NANTES BOLSONARO,528,2026,1,0
62,EMEF ELIAS MONTALVÃO - MOSQUEIRO (zona 27),30,ROMEU ZEMA NETO,1,2026,1,0
62,EMEF ELIAS MONTALVÃO - MOSQUEIRO (zona 27),55,RONALDO RAMOS CAIADO,21,2026,1,0
62,EMEF ELIAS MONTALVÃO - MOSQUEIRO (zona 27),70,AUGUSTO JORGE CURY,53,2026,1,0
62,EMEF ELIAS MONTALVÃO - MOSQUEIRO (zona 27),80,SAMARA MARTINS DA SILVA FEITOSA,3,2026,1,0
62,EMEF ELIAS MONTALVÃO - MOSQUEIRO (zona 27),95,VOTO BRANCO,26,2026,1,0
62,EMEF ELIAS MONTALVÃO - MOSQUEIRO (zona 27),96,VOTO NULO,53,2026,1,0
63,EMEF JOSÉ CARLOS TEIXEIRA - MOSQUEIRO (zona 27),13,LUIZ INÁCIO LULA DA SILVA,532,2026,1,0
63,EMEF JOSÉ CARLOS TEIXEIRA - MOSQUEIRO (zona 27),14,RENAN ANTONIO FERREIRA DOS SANTOS,27,2026,1,0
63,EMEF JOSÉ CARLOS TEIXEIRA - MOSQUEIRO (zona 27),22,FLAVIO NANTES BOLSONARO,333,2026,1,0
63,EMEF JOSÉ CARLOS TEIXEIRA - MOSQUEIRO (zona 27),55,RONALDO RAMOS CAIADO,19,2026,1,0
63,EMEF JOSÉ CARLOS TEIXEIRA - MOSQUEIRO (zona 27),70,AUGUSTO JORGE CURY,39,2026,1,0
63,EMEF JOSÉ CARLOS TEIXEIRA - MOSQUEIRO (zona 27),80,SAMARA MARTINS DA SILVA FEITOSA,1,2026,1,0
63,EMEF JOSÉ CARLOS TEIXEIRA - MOSQUEIRO (zona 27),95,VOTO BRANCO,12,2026,1,0
63,EMEF JOSÉ CARLOS TEIXEIRA - MOSQUEIRO (zona 27),96,VOTO NULO,26,2026,1,0
64,EMEF JOSÉ SOUZA DE JESUS - DEZESSETE DE MARCO (zona 27),13,LUIZ INÁCIO LULA DA SILVA,802,2026,1,0
64,EMEF JOSÉ SOUZA DE JESUS - DEZESSETE DE MARCO (zona 27),14,RENAN ANTONIO FERREIRA DOS SANTOS,44,2026,1,0
64,EMEF JOSÉ SOUZA DE JESUS - DEZESSETE DE MARCO (zona 27),21,EDMILSON SILVA COSTA,1,2026,1,0
64,EMEF JOSÉ SOUZA DE JESUS - DEZESSETE DE MARCO (zona 27),22,FLAVIO NANTES BOLSONARO,456,2026,1,0
64,EMEF JOSÉ SOUZA DE JESUS - DEZESSETE DE MARCO (zona 27),55,RONALDO RAMOS CAIADO,14,2026,1,0
64,EMEF JOSÉ SOUZA DE JESUS - DEZESSETE DE MARCO (zona 27),70,AUGUSTO JORGE CURY,67,2026,1,0
64,EMEF JOSÉ SOUZA DE JESUS - DEZESSETE DE MARCO (zona 27),80,SAMARA MARTINS DA SILVA FEITOSA,3,2026,1,0
64,EMEF JOSÉ SOUZA DE JESUS - DEZESSETE DE MARCO (zona 27),95,VOTO BRANCO,39,2026,1,0
64,EMEF JOSÉ SOUZA DE JESUS - DEZESSETE DE MARCO (zona 27),96,VOTO NULO,44,2026,1,0
65,EMEF PAPA JOÃO PAULO II - SANTA MARIA (zona 27),13,LUIZ INÁCIO LULA DA SILVA,1013,2026,1,0
65,EMEF PAPA JOÃO PAULO II - SANTA MARIA (zona 27),14,RENAN ANTONIO FERREIRA DOS SANTOS,35,2026,1,0
65,EMEF PAPA JOÃO PAULO II - SANTA MARIA (zona 27),22,FLAVIO NANTES BOLSONARO,550,2026,1,0
65,EMEF PAPA JOÃO PAULO II - SANTA MARIA (zona 27),30,ROMEU ZEMA NETO,1,2026,1,0
65,EMEF PAPA JOÃO PAULO II - SANTA MARIA (zona 27),35,WILSON GRASSI JUNIOR,1,2026,1,0
65,EMEF PAPA JOÃO PAULO II - SANTA MARIA (zona 27),55,RONALDO RAMOS CAIADO,32,2026,1,0
65,EMEF PAPA JOÃO PAULO II - SANTA MARIA (zona 27),70,AUGUSTO JORGE CURY,72,2026,1,0
65,EMEF PAPA JOÃO PAULO II - SANTA MARIA (zona 27),80,SAMARA MARTINS DA SILVA FEITOSA,1,2026,1,0
65,EMEF PAPA JOÃO PAULO II - SANTA MARIA (zona 27),95,VOTO BRANCO,48,2026,1,0
65,EMEF PAPA JOÃO PAULO II - SANTA MARIA (zona 27),96,VOTO NULO,80,2026,1,0
66,EMEF PROFESSOR DIOMEDES SANTOS SILVA - SANTA MARIA (zona 27),13,LUIZ INÁCIO LULA DA SILVA,909,2026,1,0
66,EMEF PROFESSOR DIOMEDES SANTOS SILVA - SANTA MARIA (zona 27),14,RENAN ANTONIO FERREIRA DOS SANTOS,14,2026,1,0
66,EMEF PROFESSOR DIOMEDES SANTOS SILVA - SANTA MARIA (zona 27),22,FLAVIO NANTES BOLSONARO,440,2026,1,0
66,EMEF PROFESSOR DIOMEDES SANTOS SILVA - SANTA MARIA (zona 27),27,CLARIANA ZACARKIM BARAO,2,2026,1,0
66,EMEF PROFESSOR DIOMEDES SANTOS SILVA - SANTA MARIA (zona 27),55,RONALDO RAMOS CAIADO,37,2026,1,0
66,EMEF PROFESSOR DIOMEDES SANTOS SILVA - SANTA MARIA (zona 27),70,AUGUSTO JORGE CURY,56,2026,1,0
66,EMEF PROFESSOR DIOMEDES SANTOS SILVA - SANTA MARIA (zona 27),80,SAMARA MARTINS DA SILVA FEITOSA,2,2026,1,0
66,EMEF PROFESSOR DIOMEDES SANTOS SILVA - SANTA MARIA (zona 27),95,VOTO BRANCO,46,2026,1,0
66,EMEF PROFESSOR DIOMEDES SANTOS SILVA - SANTA MARIA (zona 27),96,VOTO NULO,70,2026,1,0
67,EMEF PROFESSOR LAONTE GAMA DA SILVA - SANTA MARIA (zona 27),13,LUIZ INÁCIO LULA DA SILVA,1098,2026,1,0
67,EMEF PROFESSOR LAONTE GAMA DA SILVA - SANTA MARIA (zona 27),14,RENAN ANTONIO FERREIRA DOS SANTOS,17,2026,1,0
67,EMEF PROFESSOR LAONTE GAMA DA SILVA - SANTA MARIA (zona 27),22,FLAVIO NANTES BOLSONARO,507,2026,1,0
67,EMEF PROFESSOR LAONTE GAMA DA SILVA - SANTA MARIA (zona 27),30,ROMEU ZEMA NETO,1,2026,1,0
67,EMEF PROFESSOR LAONTE GAMA DA SILVA - SANTA MARIA (zona 27),55,RONALDO RAMOS CAIADO,42,2026,1,0
67,EMEF PROFESSOR LAONTE GAMA DA SILVA - SANTA MARIA (zona 27),70,AUGUSTO JORGE CURY,59,2026,1,0
67,EMEF PROFESSOR LAONTE GAMA DA SILVA - SANTA MARIA (zona 27),80,SAMARA MARTINS DA SILVA FEITOSA,1,2026,1,0
67,EMEF PROFESSOR LAONTE GAMA DA SILVA - SANTA MARIA (zona 27),95,VOTO BRANCO,68,2026,1,0
67,EMEF PROFESSOR LAONTE GAMA DA SILVA - SANTA MARIA (zona 27),96,VOTO NULO,63,2026,1,0
68,EMEF PROFESSORA NÚBIA MARQUES - COROA DO MEIO (zona 27),13,LUIZ INÁCIO LULA DA SILVA,455,2026,1,0
68,EMEF PROFESSORA NÚBIA MARQUES - COROA DO MEIO (zona 27),14,RENAN ANTONIO FERREIRA DOS SANTOS,12,2026,1,0
68,EMEF PROFESSORA NÚBIA MARQUES - COROA DO MEIO (zona 27),16,HERTZ DA CONCEICAO DIAS,1,2026,1,0
68,EMEF PROFESSORA NÚBIA MARQUES - COROA DO MEIO (zona 27),22,FLAVIO NANTES BOLSONARO,321,2026,1,0
68,EMEF PROFESSORA NÚBIA MARQUES - COROA DO MEIO (zona 27),27,CLARIANA ZACARKIM BARAO,3,2026,1,0
68,EMEF PROFESSORA NÚBIA MARQUES - COROA DO MEIO (zona 27),30,ROMEU ZEMA NETO,1,2026,1,0
68,EMEF PROFESSORA NÚBIA MARQUES - COROA DO MEIO (zona 27),55,RONALDO RAMOS CAIADO,18,2026,1,0
68,EMEF PROFESSORA NÚBIA MARQUES - COROA DO MEIO (zona 27),70,AUGUSTO JORGE CURY,27,2026,1,0
68,EMEF PROFESSORA NÚBIA MARQUES - COROA DO MEIO (zona 27),80,SAMARA MARTINS DA SILVA FEITOSA,1,2026,1,0
68,EMEF PROFESSORA NÚBIA MARQUES - COROA DO MEIO (zona 27),95,VOTO BRANCO,11,2026,1,0
68,EMEF PROFESSORA NÚBIA MARQUES - COROA DO MEIO (zona 27),96,VOTO NULO,18,2026,1,0
69,EMEF TI JOÃO OLIVA ALVES - SANTA MARIA (zona 27),13,LUIZ INÁCIO LULA DA SILVA,1136,2026,1,0
69,EMEF TI JOÃO OLIVA ALVES - SANTA MARIA (zona 27),14,RENAN ANTONIO FERREIRA DOS SANTOS,77,2026,1,0
69,EMEF TI JOÃO OLIVA ALVES - SANTA MARIA (zona 27),22,FLAVIO NANTES BOLSONARO,656,2026,1,0
69,EMEF TI JOÃO OLIVA ALVES - SANTA MARIA (zona 27),27,CLARIANA ZACARKIM BARAO,2,2026,1,0
69,EMEF TI JOÃO OLIVA ALVES - SANTA MARIA (zona 27),30,ROMEU ZEMA NETO,1,2026,1,0
69,EMEF TI JOÃO OLIVA ALVES - SANTA MARIA (zona 27),55,RONALDO RAMOS CAIADO,24,2026,1,0
69,EMEF TI JOÃO OLIVA ALVES - SANTA MARIA (zona 27),70,AUGUSTO JORGE CURY,72,2026,1,0
69,EMEF TI JOÃO OLIVA ALVES - SANTA MARIA (zona 27),80,SAMARA MARTINS DA SILVA FEITOSA,1,2026,1,0
69,EMEF TI JOÃO OLIVA ALVES - SANTA MARIA (zona 27),95,VOTO BRANCO,49,2026,1,0
69,EMEF TI JOÃO OLIVA ALVES - SANTA MARIA (zona 27),96,VOTO NULO,70,2026,1,0
70,EMEI JOVINO PINTO - AEROPORTO (zona 27),13,LUIZ INÁCIO LULA DA SILVA,331,2026,1,0
70,EMEI JOVINO PINTO - AEROPORTO (zona 27),14,RENAN ANTONIO FERREIRA DOS SANTOS,28,2026,1,0
70,EMEI JOVINO PINTO - AEROPORTO (zona 27),22,FLAVIO NANTES BOLSONARO,269,2026,1,0
70,EMEI JOVINO PINTO - AEROPORTO (zona 27),30,ROMEU ZEMA NETO,1,2026,1,0
70,EMEI JOVINO PINTO - AEROPORTO (zona 27),55,RONALDO RAMOS CAIADO,12,2026,1,0
70,EMEI JOVINO PINTO - AEROPORTO (zona 27),70,AUGUSTO JORGE CURY,26,2026,1,0
70,EMEI JOVINO PINTO - AEROPORTO (zona 27),95,VOTO BRANCO,15,2026,1,0
70,EMEI JOVINO PINTO - AEROPORTO (zona 27),96,VOTO NULO,21,2026,1,0
71,EMEI PROF. NUNES MENDONÇA ( SEDE PROVISÓRIA ) - COROA DO MEIO (zona 27),13,LUIZ INÁCIO LULA DA SILVA,646,2026,1,0
71,EMEI PROF. NUNES MENDONÇA ( SEDE PROVISÓRIA ) - COROA DO MEIO (zona 27),14,RENAN ANTONIO FERREIRA DOS SANTOS,22,2026,1,0
71,EMEI PROF. NUNES MENDONÇA ( SEDE PROVISÓRIA ) - COROA DO MEIO (zona 27),22,FLAVIO NANTES BOLSONARO,391,2026,1,0
71,EMEI PROF. NUNES MENDONÇA ( SEDE PROVISÓRIA ) - COROA DO MEIO (zona 27),27,CLARIANA ZACARKIM BARAO,2,2026,1,0
71,EMEI PROF. NUNES MENDONÇA ( SEDE PROVISÓRIA ) - COROA DO MEIO (zona 27),30,ROMEU ZEMA NETO,6,2026,1,0
71,EMEI PROF. NUNES MENDONÇA ( SEDE PROVISÓRIA ) - COROA DO MEIO (zona 27),55,RONALDO RAMOS CAIADO,27,2026,1,0
71,EMEI PROF. NUNES MENDONÇA ( SEDE PROVISÓRIA ) - COROA DO MEIO (zona 27),70,AUGUSTO JORGE CURY,35,2026,1,0
71,EMEI PROF. NUNES MENDONÇA ( SEDE PROVISÓRIA ) - COROA DO MEIO (zona 27),80,SAMARA MARTINS DA SILVA FEITOSA,1,2026,1,0
71,EMEI PROF. NUNES MENDONÇA ( SEDE PROVISÓRIA ) - COROA DO MEIO (zona 27),95,VOTO BRANCO,8,2026,1,0
71,EMEI PROF. NUNES MENDONÇA ( SEDE PROVISÓRIA ) - COROA DO MEIO (zona 27),96,VOTO NULO,31,2026,1,0
72,ESCOLA ESTADUAL MANOEL DIONÍSIO DE SANTANA - MOSQUEIRO (zona 27),13,LUIZ INÁCIO LULA DA SILVA,408,2026,1,0
72,ESCOLA ESTADUAL MANOEL DIONÍSIO DE SANTANA - MOSQUEIRO (zona 27),14,RENAN ANTONIO FERREIRA DOS SANTOS,10,2026,1,0
72,ESCOLA ESTADUAL MANOEL DIONÍSIO DE SANTANA - MOSQUEIRO (zona 27),16,HERTZ DA CONCEICAO DIAS,1,2026,1,0
72,ESCOLA ESTADUAL MANOEL DIONÍSIO DE SANTANA - MOSQUEIRO (zona 27),22,FLAVIO NANTES BOLSONARO,285,2026,1,0
72,ESCOLA ESTADUAL MANOEL DIONÍSIO DE SANTANA - MOSQUEIRO (zona 27),55,RONALDO RAMOS CAIADO,14,2026,1,0
72,ESCOLA ESTADUAL MANOEL DIONÍSIO DE SANTANA - MOSQUEIRO (zona 27),70,AUGUSTO JORGE CURY,23,2026,1,0
72,ESCOLA ESTADUAL MANOEL DIONÍSIO DE SANTANA - MOSQUEIRO (zona 27),95,VOTO BRANCO,17,2026,1,0
72,ESCOLA ESTADUAL MANOEL DIONÍSIO DE SANTANA - MOSQUEIRO (zona 27),96,VOTO NULO,22,2026,1,0
73,"ETELVINA AMÁLIA DE SIQUEIRA, E.M.E.I PROFª. - PORTO DANTAS (zona 1)",13,LUIZ INÁCIO LULA DA SILVA,476,2026,1,0
73,"ETELVINA AMÁLIA DE SIQUEIRA, E.M.E.I PROFª. - PORTO DANTAS (zona 1)",14,RENAN ANTONIO FERREIRA DOS SANTOS,33,2026,1,0
73,"ETELVINA AMÁLIA DE SIQUEIRA, E.M.E.I PROFª. - PORTO DANTAS (zona 1)",22,FLAVIO NANTES BOLSONARO,318,2026,1,0
73,"ETELVINA AMÁLIA DE SIQUEIRA, E.M.E.I PROFª. - PORTO DANTAS (zona 1)",27,CLARIANA ZACARKIM BARAO,1,2026,1,0
73,"ETELVINA AMÁLIA DE SIQUEIRA, E.M.E.I PROFª. - PORTO DANTAS (zona 1)",30,ROMEU ZEMA NETO,1,2026,1,0
73,"ETELVINA AMÁLIA DE SIQUEIRA, E.M.E.I PROFª. - PORTO DANTAS (zona 1)",35,WILSON GRASSI JUNIOR,1,2026,1,0
73,"ETELVINA AMÁLIA DE SIQUEIRA, E.M.E.I PROFª. - PORTO DANTAS (zona 1)",55,RONALDO RAMOS CAIADO,15,2026,1,0
73,"ETELVINA AMÁLIA DE SIQUEIRA, E.M.E.I PROFª. - PORTO DANTAS (zona 1)",70,AUGUSTO JORGE CURY,36,2026,1,0
73,"ETELVINA AMÁLIA DE SIQUEIRA, E.M.E.I PROFª. - PORTO DANTAS (zona 1)",80,SAMARA MARTINS DA SILVA FEITOSA,5,2026,1,0
73,"ETELVINA AMÁLIA DE SIQUEIRA, E.M.E.I PROFª. - PORTO DANTAS (zona 1)",95,VOTO BRANCO,24,2026,1,0
73,"ETELVINA AMÁLIA DE SIQUEIRA, E.M.E.I PROFª. - PORTO DANTAS (zona 1)",96,VOTO NULO,32,2026,1,0
74,EXTERNATO SÃO FRANCISCO - SUISSA (zona 2),13,LUIZ INÁCIO LULA DA SILVA,1089,2026,1,0
74,EXTERNATO SÃO FRANCISCO - SUISSA (zona 2),14,RENAN ANTONIO FERREIRA DOS SANTOS,36,2026,1,0
74,EXTERNATO SÃO FRANCISCO - SUISSA (zona 2),16,HERTZ DA CONCEICAO DIAS,1,2026,1,0
74,EXTERNATO SÃO FRANCISCO - SUISSA (zona 2),22,FLAVIO NANTES BOLSONARO,730,2026,1,0
74,EXTERNATO SÃO FRANCISCO - SUISSA (zona 2),27,CLARIANA ZACARKIM BARAO,1,2026,1,0
74,EXTERNATO SÃO FRANCISCO - SUISSA (zona 2),28,LEONARDO ALVES DE ARAUJO,1,2026,1,0
74,EXTERNATO SÃO FRANCISCO - SUISSA (zona 2),55,RONALDO RAMOS CAIADO,59,2026,1,0
74,EXTERNATO SÃO FRANCISCO - SUISSA (zona 2),70,AUGUSTO JORGE CURY,51,2026,1,0
74,EXTERNATO SÃO FRANCISCO - SUISSA (zona 2),80,SAMARA MARTINS DA SILVA FEITOSA,5,2026,1,0
74,EXTERNATO SÃO FRANCISCO - SUISSA (zona 2),95,VOTO BRANCO,40,2026,1,0
74,EXTERNATO SÃO FRANCISCO - SUISSA (zona 2),96,VOTO NULO,78,2026,1,0
75,FACULDADE AMADEUS - FAMA - CENTRO (zona 2),13,LUIZ INÁCIO LULA DA SILVA,467,2026,1,0
75,FACULDADE AMADEUS - FAMA - CENTRO (zona 2),14,RENAN ANTONIO FERREIRA DOS SANTOS,19,2026,1,0
75,FACULDADE AMADEUS - FAMA - CENTRO (zona 2),16,HERTZ DA CONCEICAO DIAS,1,2026,1,0
75,FACULDADE AMADEUS - FAMA - CENTRO (zona 2),22,FLAVIO NANTES BOLSONARO,295,2026,1,0
75,FACULDADE AMADEUS - FAMA - CENTRO (zona 2),30,ROMEU ZEMA NETO,5,2026,1,0
75,FACULDADE AMADEUS - FAMA - CENTRO (zona 2),55,RONALDO RAMOS CAIADO,20,2026,1,0
75,FACULDADE AMADEUS - FAMA - CENTRO (zona 2),70,AUGUSTO JORGE CURY,31,2026,1,0
75,FACULDADE AMADEUS - FAMA - CENTRO (zona 2),80,SAMARA MARTINS DA SILVA FEITOSA,2,2026,1,0
75,FACULDADE AMADEUS - FAMA - CENTRO (zona 2),95,VOTO BRANCO,9,2026,1,0
75,FACULDADE AMADEUS - FAMA - CENTRO (zona 2),96,VOTO NULO,23,2026,1,0
76,FACULDADE DE SERGIPE - FASE - SALGADO FILHO (zona 2),13,LUIZ INÁCIO LULA DA SILVA,1301,2026,1,0
76,FACULDADE DE SERGIPE - FASE - SALGADO FILHO (zona 2),14,RENAN ANTONIO FERREIRA DOS SANTOS,66,2026,1,0
76,FACULDADE DE SERGIPE - FASE - SALGADO FILHO (zona 2),21,EDMILSON SILVA COSTA,1,2026,1,0
76,FACULDADE DE SERGIPE - FASE - SALGADO FILHO (zona 2),22,FLAVIO NANTES BOLSONARO,1390,2026,1,0
76,FACULDADE DE SERGIPE - FASE - SALGADO FILHO (zona 2),27,CLARIANA ZACARKIM BARAO,2,2026,1,0
76,FACULDADE DE SERGIPE - FASE - SALGADO FILHO (zona 2),29,RUI COSTA PIMENTA,1,2026,1,0
76,FACULDADE DE SERGIPE - FASE - SALGADO FILHO (zona 2),30,ROMEU ZEMA NETO,8,2026,1,0
76,FACULDADE DE SERGIPE - FASE - SALGADO FILHO (zona 2),55,RONALDO RAMOS CAIADO,85,2026,1,0
76,FACULDADE DE SERGIPE - FASE - SALGADO FILHO (zona 2),70,AUGUSTO JORGE CURY,113,2026,1,0
76,FACULDADE DE SERGIPE - FASE - SALGADO FILHO (zona 2),80,SAMARA MARTINS DA SILVA FEITOSA,2,2026,1,0
76,FACULDADE DE SERGIPE - FASE - SALGADO FILHO (zona 2),95,VOTO BRANCO,27,2026,1,0
76,FACULDADE DE SERGIPE - FASE - SALGADO FILHO (zona 2),96,VOTO NULO,48,2026,1,0
77,FACULDADE MAURÍCIO DE NASSAU - SIQUEIRA CAMPOS (zona 2),13,LUIZ INÁCIO LULA DA SILVA,827,2026,1,0
77,FACULDADE MAURÍCIO DE NASSAU - SIQUEIRA CAMPOS (zona 2),14,RENAN ANTONIO FERREIRA DOS SANTOS,41,2026,1,0
77,FACULDADE MAURÍCIO DE NASSAU - SIQUEIRA CAMPOS (zona 2),16,HERTZ DA CONCEICAO DIAS,1,2026,1,0
77,FACULDADE MAURÍCIO DE NASSAU - SIQUEIRA CAMPOS (zona 2),22,FLAVIO NANTES BOLSONARO,482,2026,1,0
77,FACULDADE MAURÍCIO DE NASSAU - SIQUEIRA CAMPOS (zona 2),27,CLARIANA ZACARKIM BARAO,1,2026,1,0
77,FACULDADE MAURÍCIO DE NASSAU - SIQUEIRA CAMPOS (zona 2),30,ROMEU ZEMA NETO,4,2026,1,0
77,FACULDADE MAURÍCIO DE NASSAU - SIQUEIRA CAMPOS (zona 2),55,RONALDO RAMOS CAIADO,30,2026,1,0
77,FACULDADE MAURÍCIO DE NASSAU - SIQUEIRA CAMPOS (zona 2),70,AUGUSTO JORGE CURY,65,2026,1,0
77,FACULDADE MAURÍCIO DE NASSAU - SIQUEIRA CAMPOS (zona 2),80,SAMARA MARTINS DA SILVA FEITOSA,10,2026,1,0
77,FACULDADE MAURÍCIO DE NASSAU - SIQUEIRA CAMPOS (zona 2),95,VOTO BRANCO,21,2026,1,0
77,FACULDADE MAURÍCIO DE NASSAU - SIQUEIRA CAMPOS (zona 2),96,VOTO NULO,31,2026,1,0
78,FACULDADE PIO DÉCIMO UNIDADE CENTRO - CENTRO (zona 2),13,LUIZ INÁCIO LULA DA SILVA,473,2026,1,0
78,FACULDADE PIO DÉCIMO UNIDADE CENTRO - CENTRO (zona 2),14,RENAN ANTONIO FERREIRA DOS SANTOS,30,2026,1,0
78,FACULDADE PIO DÉCIMO UNIDADE CENTRO - CENTRO (zona 2),16,HERTZ DA CONCEICAO DIAS,1,2026,1,0
78,FACULDADE PIO DÉCIMO UNIDADE CENTRO - CENTRO (zona 2),21,EDMILSON SILVA COSTA,3,2026,1,0
78,FACULDADE PIO DÉCIMO UNIDADE CENTRO - CENTRO (zona 2),22,FLAVIO NANTES BOLSONARO,391,2026,1,0
78,FACULDADE PIO DÉCIMO UNIDADE CENTRO - CENTRO (zona 2),27,CLARIANA ZACARKIM BARAO,1,2026,1,0
78,FACULDADE PIO DÉCIMO UNIDADE CENTRO - CENTRO (zona 2),30,ROMEU ZEMA NETO,3,2026,1,0
78,FACULDADE PIO DÉCIMO UNIDADE CENTRO - CENTRO (zona 2),35,WILSON GRASSI JUNIOR,1,2026,1,0
78,FACULDADE PIO DÉCIMO UNIDADE CENTRO - CENTRO (zona 2),55,RONALDO RAMOS CAIADO,23,2026,1,0
78,FACULDADE PIO DÉCIMO UNIDADE CENTRO - CENTRO (zona 2),70,AUGUSTO JORGE CURY,40,2026,1,0
78,FACULDADE PIO DÉCIMO UNIDADE CENTRO - CENTRO (zona 2),95,VOTO BRANCO,11,2026,1,0
78,FACULDADE PIO DÉCIMO UNIDADE CENTRO - CENTRO (zona 2),96,VOTO NULO,21,2026,1,0
79,FANESE - INDUSTRIAL (zona 1),13,LUIZ INÁCIO LULA DA SILVA,1890,2026,1,0
79,FANESE - INDUSTRIAL (zona 1),14,RENAN ANTONIO FERREIRA DOS SANTOS,94,2026,1,0
79,FANESE - INDUSTRIAL (zona 1),21,EDMILSON SILVA COSTA,1,2026,1,0
79,FANESE - INDUSTRIAL (zona 1),22,FLAVIO NANTES BOLSONARO,1275,2026,1,0
79,FANESE - INDUSTRIAL (zona 1),30,ROMEU ZEMA NETO,3,2026,1,0
79,FANESE - INDUSTRIAL (zona 1),35,WILSON GRASSI JUNIOR,2,2026,1,0
79,FANESE - INDUSTRIAL (zona 1),55,RONALDO RAMOS CAIADO,76,2026,1,0
79,FANESE - INDUSTRIAL (zona 1),70,AUGUSTO JORGE CURY,133,2026,1,0
79,FANESE - INDUSTRIAL (zona 1),80,SAMARA MARTINS DA SILVA FEITOSA,2,2026,1,0
79,FANESE - INDUSTRIAL (zona 1),95,VOTO BRANCO,74,2026,1,0
79,FANESE - INDUSTRIAL (zona 1),96,VOTO NULO,127,2026,1,0
80,"FERNANDO GOMES, DOM, INSTITUTO - SIQUEIRA CAMPOS (zona 2)",13,LUIZ INÁCIO LULA DA SILVA,1436,2026,1,0
80,"FERNANDO GOMES, DOM, INSTITUTO - SIQUEIRA CAMPOS (zona 2)",14,RENAN ANTONIO FERREIRA DOS SANTOS,50,2026,1,0
80,"FERNANDO GOMES, DOM, INSTITUTO - SIQUEIRA CAMPOS (zona 2)",22,FLAVIO NANTES BOLSONARO,1031,2026,1,0
80,"FERNANDO GOMES, DOM, INSTITUTO - SIQUEIRA CAMPOS (zona 2)",27,CLARIANA ZACARKIM BARAO,1,2026,1,0
80,"FERNANDO GOMES, DOM, INSTITUTO - SIQUEIRA CAMPOS (zona 2)",28,LEONARDO ALVES DE ARAUJO,2,2026,1,0
80,"FERNANDO GOMES, DOM, INSTITUTO - SIQUEIRA CAMPOS (zona 2)",30,ROMEU ZEMA NETO,8,2026,1,0
80,"FERNANDO GOMES, DOM, INSTITUTO - SIQUEIRA CAMPOS (zona 2)",55,RONALDO RAMOS CAIADO,72,2026,1,0
80,"FERNANDO GOMES, DOM, INSTITUTO - SIQUEIRA CAMPOS (zona 2)",70,AUGUSTO JORGE CURY,103,2026,1,0
80,"FERNANDO GOMES, DOM, INSTITUTO - SIQUEIRA CAMPOS (zona 2)",80,SAMARA MARTINS DA SILVA FEITOSA,3,2026,1,0
80,"FERNANDO GOMES, DOM, INSTITUTO - SIQUEIRA CAMPOS (zona 2)",95,VOTO BRANCO,40,2026,1,0
80,"FERNANDO GOMES, DOM, INSTITUTO - SIQUEIRA CAMPOS (zona 2)",96,VOTO NULO,87,2026,1,0
81,FLORENTINO MENEZES - AREIA BRANCA (zona 27),13,LUIZ INÁCIO LULA DA SILVA,919,2026,1,0
81,FLORENTINO MENEZES - AREIA BRANCA (zona 27),14,RENAN ANTONIO FERREIRA DOS SANTOS,31,2026,1,0
81,FLORENTINO MENEZES - AREIA BRANCA (zona 27),22,FLAVIO NANTES BOLSONARO,648,2026,1,0
81,FLORENTINO MENEZES - AREIA BRANCA (zona 27),55,RONALDO RAMOS CAIADO,50,2026,1,0
81,FLORENTINO MENEZES - AREIA BRANCA (zona 27),70,AUGUSTO JORGE CURY,69,2026,1,0
81,FLORENTINO MENEZES - AREIA BRANCA (zona 27),95,VOTO BRANCO,54,2026,1,0
81,FLORENTINO MENEZES - AREIA BRANCA (zona 27),96,VOTO NULO,76,2026,1,0
82,"FRANCISCO GUIMARÃES ROLEMBERG, EMEI - INACIO BARBOSA (zona 2)",13,LUIZ INÁCIO LULA DA SILVA,320,2026,1,0
82,"FRANCISCO GUIMARÃES ROLEMBERG, EMEI - INACIO BARBOSA (zona 2)",14,RENAN ANTONIO FERREIRA DOS SANTOS,12,2026,1,0
82,"FRANCISCO GUIMARÃES ROLEMBERG, EMEI - INACIO BARBOSA (zona 2)",16,HERTZ DA CONCEICAO DIAS,1,2026,1,0
82,"FRANCISCO GUIMARÃES ROLEMBERG, EMEI - INACIO BARBOSA (zona 2)",21,EDMILSON SILVA COSTA,1,2026,1,0
82,"FRANCISCO GUIMARÃES ROLEMBERG, EMEI - INACIO BARBOSA (zona 2)",22,FLAVIO NANTES BOLSONARO,227,2026,1,0
82,"FRANCISCO GUIMARÃES ROLEMBERG, EMEI - INACIO BARBOSA (zona 2)",55,RONALDO RAMOS CAIADO,15,2026,1,0
82,"FRANCISCO GUIMARÃES ROLEMBERG, EMEI - INACIO BARBOSA (zona 2)",70,AUGUSTO JORGE CURY,37,2026,1,0
82,"FRANCISCO GUIMARÃES ROLEMBERG, EMEI - INACIO BARBOSA (zona 2)",95,VOTO BRANCO,11,2026,1,0
82,"FRANCISCO GUIMARÃES ROLEMBERG, EMEI - INACIO BARBOSA (zona 2)",96,VOTO NULO,8,2026,1,0
83,"FRANCISCO PORTUGAL, PROF - FAROLANDIA (zona 27)",13,LUIZ INÁCIO LULA DA SILVA,1996,2026,1,0
83,"FRANCISCO PORTUGAL, PROF - FAROLANDIA (zona 27)",14,RENAN ANTONIO FERREIRA DOS SANTOS,65,2026,1,0
83,"FRANCISCO PORTUGAL, PROF - FAROLANDIA (zona 27)",16,HERTZ DA CONCEICAO DIAS,3,2026,1,0
83,"FRANCISCO PORTUGAL, PROF - FAROLANDIA (zona 27)",21,EDMILSON SILVA COSTA,1,2026,1,0
83,"FRANCISCO PORTUGAL, PROF - FAROLANDIA (zona 27)",22,FLAVIO NANTES BOLSONARO,1368,2026,1,0
83,"FRANCISCO PORTUGAL, PROF - FAROLANDIA (zona 27)",27,CLARIANA ZACARKIM BARAO,2,2026,1,0
83,"FRANCISCO PORTUGAL, PROF - FAROLANDIA (zona 27)",29,RUI COSTA PIMENTA,1,2026,1,0
83,"FRANCISCO PORTUGAL, PROF - FAROLANDIA (zona 27)",30,ROMEU ZEMA NETO,11,2026,1,0
83,"FRANCISCO PORTUGAL, PROF - FAROLANDIA (zona 27)",55,RONALDO RAMOS CAIADO,98,2026,1,0
83,"FRANCISCO PORTUGAL, PROF - FAROLANDIA (zona 27)",70,AUGUSTO JORGE CURY,133,2026,1,0
83,"FRANCISCO PORTUGAL, PROF - FAROLANDIA (zona 27)",80,SAMARA MARTINS DA SILVA FEITOSA,7,2026,1,0
83,"FRANCISCO PORTUGAL, PROF - FAROLANDIA (zona 27)",95,VOTO BRANCO,55,2026,1,0
83,"FRANCISCO PORTUGAL, PROF - FAROLANDIA (zona 27)",96,VOTO NULO,137,2026,1,0
84,"FRANCISCO ROSA SANTOS, CENTRO DE EXC. SEC. EST. - BUGIO (zona 1)",13,LUIZ INÁCIO LULA DA SILVA,1966,2026,1,0
84,"FRANCISCO ROSA SANTOS, CENTRO DE EXC. SEC. EST. - BUGIO (zona 1)",14,RENAN ANTONIO FERREIRA DOS SANTOS,88,2026,1,0
84,"FRANCISCO ROSA SANTOS, CENTRO DE EXC. SEC. EST. - BUGIO (zona 1)",16,HERTZ DA CONCEICAO DIAS,1,2026,1,0
84,"FRANCISCO ROSA SANTOS, CENTRO DE EXC. SEC. EST. - BUGIO (zona 1)",21,EDMILSON SILVA COSTA,1,2026,1,0
84,"FRANCISCO ROSA SANTOS, CENTRO DE EXC. SEC. EST. - BUGIO (zona 1)",22,FLAVIO NANTES BOLSONARO,1279,2026,1,0
84,"FRANCISCO ROSA SANTOS, CENTRO DE EXC. SEC. EST. - BUGIO (zona 1)",27,CLARIANA ZACARKIM BARAO,2,2026,1,0
84,"FRANCISCO ROSA SANTOS, CENTRO DE EXC. SEC. EST. - BUGIO (zona 1)",30,ROMEU ZEMA NETO,3,2026,1,0
84,"FRANCISCO ROSA SANTOS, CENTRO DE EXC. SEC. EST. - BUGIO (zona 1)",55,RONALDO RAMOS CAIADO,102,2026,1,0
84,"FRANCISCO ROSA SANTOS, CENTRO DE EXC. SEC. EST. - BUGIO (zona 1)",70,AUGUSTO JORGE CURY,124,2026,1,0
84,"FRANCISCO ROSA SANTOS, CENTRO DE EXC. SEC. EST. - BUGIO (zona 1)",80,SAMARA MARTINS DA SILVA FEITOSA,5,2026,1,0
84,"FRANCISCO ROSA SANTOS, CENTRO DE EXC. SEC. EST. - BUGIO (zona 1)",95,VOTO BRANCO,77,2026,1,0
84,"FRANCISCO ROSA SANTOS, CENTRO DE EXC. SEC. EST. - BUGIO (zona 1)",96,VOTO NULO,150,2026,1,0
85,"FRANCISCO SOUZA PORTO, CEL, ESCOLA ESTADUAL - AMERICA (zona 2)",13,LUIZ INÁCIO LULA DA SILVA,956,2026,1,0
85,"FRANCISCO SOUZA PORTO, CEL, ESCOLA ESTADUAL - AMERICA (zona 2)",14,RENAN ANTONIO FERREIRA DOS SANTOS,27,2026,1,0
85,"FRANCISCO SOUZA PORTO, CEL, ESCOLA ESTADUAL - AMERICA (zona 2)",22,FLAVIO NANTES BOLSONARO,541,2026,1,0
85,"FRANCISCO SOUZA PORTO, CEL, ESCOLA ESTADUAL - AMERICA (zona 2)",27,CLARIANA ZACARKIM BARAO,2,2026,1,0
85,"FRANCISCO SOUZA PORTO, CEL, ESCOLA ESTADUAL - AMERICA (zona 2)",30,ROMEU ZEMA NETO,1,2026,1,0
85,"FRANCISCO SOUZA PORTO, CEL, ESCOLA ESTADUAL - AMERICA (zona 2)",55,RONALDO RAMOS CAIADO,42,2026,1,0
85,"FRANCISCO SOUZA PORTO, CEL, ESCOLA ESTADUAL - AMERICA (zona 2)",70,AUGUSTO JORGE CURY,51,2026,1,0
85,"FRANCISCO SOUZA PORTO, CEL, ESCOLA ESTADUAL - AMERICA (zona 2)",80,SAMARA MARTINS DA SILVA FEITOSA,3,2026,1,0
85,"FRANCISCO SOUZA PORTO, CEL, ESCOLA ESTADUAL - AMERICA (zona 2)",95,VOTO BRANCO,44,2026,1,0
85,"FRANCISCO SOUZA PORTO, CEL, ESCOLA ESTADUAL - AMERICA (zona 2)",96,VOTO NULO,62,2026,1,0
86,"G8, CURSO - SALGADO FILHO (zona 2)",13,LUIZ INÁCIO LULA DA SILVA,396,2026,1,0
86,"G8, CURSO - SALGADO FILHO (zona 2)",14,RENAN ANTONIO FERREIRA DOS SANTOS,17,2026,1,0
86,"G8, CURSO - SALGADO FILHO (zona 2)",22,FLAVIO NANTES BOLSONARO,544,2026,1,0
86,"G8, CURSO - SALGADO FILHO (zona 2)",30,ROMEU ZEMA NETO,5,2026,1,0
86,"G8, CURSO - SALGADO FILHO (zona 2)",35,WILSON GRASSI JUNIOR,1,2026,1,0
86,"G8, CURSO - SALGADO FILHO (zona 2)",55,RONALDO RAMOS CAIADO,35,2026,1,0
86,"G8, CURSO - SALGADO FILHO (zona 2)",70,AUGUSTO JORGE CURY,27,2026,1,0
86,"G8, CURSO - SALGADO FILHO (zona 2)",95,VOTO BRANCO,8,2026,1,0
86,"G8, CURSO - SALGADO FILHO (zona 2)",96,VOTO NULO,16,2026,1,0
87,"GARCIA ROSA, POETA, ESCOLA ESTADUAL - LUZIA (zona 2)",13,LUIZ INÁCIO LULA DA SILVA,1195,2026,1,0
87,"GARCIA ROSA, POETA, ESCOLA ESTADUAL - LUZIA (zona 2)",14,RENAN ANTONIO FERREIRA DOS SANTOS,62,2026,1,0
87,"GARCIA ROSA, POETA, ESCOLA ESTADUAL - LUZIA (zona 2)",16,HERTZ DA CONCEICAO DIAS,3,2026,1,0
87,"GARCIA ROSA, POETA, ESCOLA ESTADUAL - LUZIA (zona 2)",21,EDMILSON SILVA COSTA,1,2026,1,0
87,"GARCIA ROSA, POETA, ESCOLA ESTADUAL - LUZIA (zona 2)",22,FLAVIO NANTES BOLSONARO,834,2026,1,0
87,"GARCIA ROSA, POETA, ESCOLA ESTADUAL - LUZIA (zona 2)",27,CLARIANA ZACARKIM BARAO,1,2026,1,0
87,"GARCIA ROSA, POETA, ESCOLA ESTADUAL - LUZIA (zona 2)",30,ROMEU ZEMA NETO,2,2026,1,0
87,"GARCIA ROSA, POETA, ESCOLA ESTADUAL - LUZIA (zona 2)",55,RONALDO RAMOS CAIADO,52,2026,1,0
87,"GARCIA ROSA, POETA, ESCOLA ESTADUAL - LUZIA (zona 2)",70,AUGUSTO JORGE CURY,76,2026,1,0
87,"GARCIA ROSA, POETA, ESCOLA ESTADUAL - LUZIA (zona 2)",95,VOTO BRANCO,31,2026,1,0
87,"GARCIA ROSA, POETA, ESCOLA ESTADUAL - LUZIA (zona 2)",96,VOTO NULO,59,2026,1,0
88,"GENERAL SIQUEIRA, ESCOLA ESTADUAL - SIQUEIRA CAMPOS (zona 2)",13,LUIZ INÁCIO LULA DA SILVA,1124,2026,1,0
88,"GENERAL SIQUEIRA, ESCOLA ESTADUAL - SIQUEIRA CAMPOS (zona 2)",14,RENAN ANTONIO FERREIRA DOS SANTOS,41,2026,1,0
88,"GENERAL SIQUEIRA, ESCOLA ESTADUAL - SIQUEIRA CAMPOS (zona 2)",16,HERTZ DA CONCEICAO DIAS,1,2026,1,0
88,"GENERAL SIQUEIRA, ESCOLA ESTADUAL - SIQUEIRA CAMPOS (zona 2)",21,EDMILSON SILVA COSTA,2,2026,1,0
88,"GENERAL SIQUEIRA, ESCOLA ESTADUAL - SIQUEIRA CAMPOS (zona 2)",22,FLAVIO NANTES BOLSONARO,795,2026,1,0
88,"GENERAL SIQUEIRA, ESCOLA ESTADUAL - SIQUEIRA CAMPOS (zona 2)",27,CLARIANA ZACARKIM BARAO,1,2026,1,0
88,"GENERAL SIQUEIRA, ESCOLA ESTADUAL - SIQUEIRA CAMPOS (zona 2)",30,ROMEU ZEMA NETO,3,2026,1,0
88,"GENERAL SIQUEIRA, ESCOLA ESTADUAL - SIQUEIRA CAMPOS (zona 2)",35,WILSON GRASSI JUNIOR,1,2026,1,0
88,"GENERAL SIQUEIRA, ESCOLA ESTADUAL - SIQUEIRA CAMPOS (zona 2)",55,RONALDO RAMOS CAIADO,45,2026,1,0
88,"GENERAL SIQUEIRA, ESCOLA ESTADUAL - SIQUEIRA CAMPOS (zona 2)",70,AUGUSTO JORGE CURY,72,2026,1,0
88,"GENERAL SIQUEIRA, ESCOLA ESTADUAL - SIQUEIRA CAMPOS (zona 2)",80,SAMARA MARTINS DA SILVA FEITOSA,4,2026,1,0
88,"GENERAL SIQUEIRA, ESCOLA ESTADUAL - SIQUEIRA CAMPOS (zona 2)",95,VOTO BRANCO,30,2026,1,0
88,"GENERAL SIQUEIRA, ESCOLA ESTADUAL - SIQUEIRA CAMPOS (zona 2)",96,VOTO NULO,65,2026,1,0
89,"GERALDO BARRETO SOBRAL, E.M.E.F. MINISTRO - DOM LUCIANO (zona 1)",13,LUIZ INÁCIO LULA DA SILVA,538,2026,1,0
89,"GERALDO BARRETO SOBRAL, E.M.E.F. MINISTRO - DOM LUCIANO (zona 1)",14,RENAN ANTONIO FERREIRA DOS SANTOS,28,2026,1,0
89,"GERALDO BARRETO SOBRAL, E.M.E.F. MINISTRO - DOM LUCIANO (zona 1)",16,HERTZ DA CONCEICAO DIAS,1,2026,1,0
89,"GERALDO BARRETO SOBRAL, E.M.E.F. MINISTRO - DOM LUCIANO (zona 1)",22,FLAVIO NANTES BOLSONARO,336,2026,1,0
89,"GERALDO BARRETO SOBRAL, E.M.E.F. MINISTRO - DOM LUCIANO (zona 1)",55,RONALDO RAMOS CAIADO,22,2026,1,0
89,"GERALDO BARRETO SOBRAL, E.M.E.F. MINISTRO - DOM LUCIANO (zona 1)",70,AUGUSTO JORGE CURY,42,2026,1,0
89,"GERALDO BARRETO SOBRAL, E.M.E.F. MINISTRO - DOM LUCIANO (zona 1)",80,SAMARA MARTINS DA SILVA FEITOSA,1,2026,1,0
89,"GERALDO BARRETO SOBRAL, E.M.E.F. MINISTRO - DOM LUCIANO (zona 1)",95,VOTO BRANCO,17,2026,1,0
89,"GERALDO BARRETO SOBRAL, E.M.E.F. MINISTRO - DOM LUCIANO (zona 1)",96,VOTO NULO,36,2026,1,0
90,"GONÇALO ROLLEMBERG LEITE, PROF, ESCOLA ESTADUAL - GRAGERU (zona 2)",13,LUIZ INÁCIO LULA DA SILVA,633,2026,1,0
90,"GONÇALO ROLLEMBERG LEITE, PROF, ESCOLA ESTADUAL - GRAGERU (zona 2)",14,RENAN ANTONIO FERREIRA DOS SANTOS,32,2026,1,0
90,"GONÇALO ROLLEMBERG LEITE, PROF, ESCOLA ESTADUAL - GRAGERU (zona 2)",16,HERTZ DA CONCEICAO DIAS,1,2026,1,0
90,"GONÇALO ROLLEMBERG LEITE, PROF, ESCOLA ESTADUAL - GRAGERU (zona 2)",22,FLAVIO NANTES BOLSONARO,411,2026,1,0
90,"GONÇALO ROLLEMBERG LEITE, PROF, ESCOLA ESTADUAL - GRAGERU (zona 2)",27,CLARIANA ZACARKIM BARAO,1,2026,1,0
90,"GONÇALO ROLLEMBERG LEITE, PROF, ESCOLA ESTADUAL - GRAGERU (zona 2)",29,RUI COSTA PIMENTA,2,2026,1,0
90,"GONÇALO ROLLEMBERG LEITE, PROF, ESCOLA ESTADUAL - GRAGERU (zona 2)",30,ROMEU ZEMA NETO,3,2026,1,0
90,"GONÇALO ROLLEMBERG LEITE, PROF, ESCOLA ESTADUAL - GRAGERU (zona 2)",55,RONALDO RAMOS CAIADO,28,2026,1,0
90,"GONÇALO ROLLEMBERG LEITE, PROF, ESCOLA ESTADUAL - GRAGERU (zona 2)",70,AUGUSTO JORGE CURY,40,2026,1,0
90,"GONÇALO ROLLEMBERG LEITE, PROF, ESCOLA ESTADUAL - GRAGERU (zona 2)",80,SAMARA MARTINS DA SILVA FEITOSA,1,2026,1,0
90,"GONÇALO ROLLEMBERG LEITE, PROF, ESCOLA ESTADUAL - GRAGERU (zona 2)",95,VOTO BRANCO,12,2026,1,0
90,"GONÇALO ROLLEMBERG LEITE, PROF, ESCOLA ESTADUAL - GRAGERU (zona 2)",96,VOTO NULO,30,2026,1,0
91,"HENRIQUE TEIXEIRA LOTT, MAL, EMEF - AMERICA (zona 2)",13,LUIZ INÁCIO LULA DA SILVA,701,2026,1,0
91,"HENRIQUE TEIXEIRA LOTT, MAL, EMEF - AMERICA (zona 2)",14,RENAN ANTONIO FERREIRA DOS SANTOS,17,2026,1,0
91,"HENRIQUE TEIXEIRA LOTT, MAL, EMEF - AMERICA (zona 2)",22,FLAVIO NANTES BOLSONARO,389,2026,1,0
91,"HENRIQUE TEIXEIRA LOTT, MAL, EMEF - AMERICA (zona 2)",27,CLARIANA ZACARKIM BARAO,4,2026,1,0
91,"HENRIQUE TEIXEIRA LOTT, MAL, EMEF - AMERICA (zona 2)",55,RONALDO RAMOS CAIADO,29,2026,1,0
91,"HENRIQUE TEIXEIRA LOTT, MAL, EMEF - AMERICA (zona 2)",70,AUGUSTO JORGE CURY,51,2026,1,0
91,"HENRIQUE TEIXEIRA LOTT, MAL, EMEF - AMERICA (zona 2)",80,SAMARA MARTINS DA SILVA FEITOSA,2,2026,1,0
91,"HENRIQUE TEIXEIRA LOTT, MAL, EMEF - AMERICA (zona 2)",95,VOTO BRANCO,23,2026,1,0
91,"HENRIQUE TEIXEIRA LOTT, MAL, EMEF - AMERICA (zona 2)",96,VOTO NULO,46,2026,1,0
92,IFS - INSTITUTO FEDERAL DE SERGIPE (ANTIGO ARQUIDIOCESANO) - SAO JOSE (zona 2),13,LUIZ INÁCIO LULA DA SILVA,636,2026,1,0
92,IFS - INSTITUTO FEDERAL DE SERGIPE (ANTIGO ARQUIDIOCESANO) - SAO JOSE (zona 2),14,RENAN ANTONIO FERREIRA DOS SANTOS,29,2026,1,0
92,IFS - INSTITUTO FEDERAL DE SERGIPE (ANTIGO ARQUIDIOCESANO) - SAO JOSE (zona 2),22,FLAVIO NANTES BOLSONARO,522,2026,1,0
92,IFS - INSTITUTO FEDERAL DE SERGIPE (ANTIGO ARQUIDIOCESANO) - SAO JOSE (zona 2),30,ROMEU ZEMA NETO,2,2026,1,0
92,IFS - INSTITUTO FEDERAL DE SERGIPE (ANTIGO ARQUIDIOCESANO) - SAO JOSE (zona 2),55,RONALDO RAMOS CAIADO,43,2026,1,0
92,IFS - INSTITUTO FEDERAL DE SERGIPE (ANTIGO ARQUIDIOCESANO) - SAO JOSE (zona 2),70,AUGUSTO JORGE CURY,48,2026,1,0
92,IFS - INSTITUTO FEDERAL DE SERGIPE (ANTIGO ARQUIDIOCESANO) - SAO JOSE (zona 2),95,VOTO BRANCO,15,2026,1,0
92,IFS - INSTITUTO FEDERAL DE SERGIPE (ANTIGO ARQUIDIOCESANO) - SAO JOSE (zona 2),96,VOTO NULO,19,2026,1,0
93,IFS - INSTITUTO FEDERAL DE SERGIPE - GETULIO VARGAS (zona 2),13,LUIZ INÁCIO LULA DA SILVA,767,2026,1,0
93,IFS - INSTITUTO FEDERAL DE SERGIPE - GETULIO VARGAS (zona 2),14,RENAN ANTONIO FERREIRA DOS SANTOS,38,2026,1,0
93,IFS - INSTITUTO FEDERAL DE SERGIPE - GETULIO VARGAS (zona 2),16,HERTZ DA CONCEICAO DIAS,2,2026,1,0
93,IFS - INSTITUTO FEDERAL DE SERGIPE - GETULIO VARGAS (zona 2),21,EDMILSON SILVA COSTA,1,2026,1,0
93,IFS - INSTITUTO FEDERAL DE SERGIPE - GETULIO VARGAS (zona 2),22,FLAVIO NANTES BOLSONARO,544,2026,1,0
93,IFS - INSTITUTO FEDERAL DE SERGIPE - GETULIO VARGAS (zona 2),27,CLARIANA ZACARKIM BARAO,1,2026,1,0
93,IFS - INSTITUTO FEDERAL DE SERGIPE - GETULIO VARGAS (zona 2),29,RUI COSTA PIMENTA,1,2026,1,0
93,IFS - INSTITUTO FEDERAL DE SERGIPE - GETULIO VARGAS (zona 2),30,ROMEU ZEMA NETO,6,2026,1,0
93,IFS - INSTITUTO FEDERAL DE SERGIPE - GETULIO VARGAS (zona 2),35,WILSON GRASSI JUNIOR,1,2026,1,0
93,IFS - INSTITUTO FEDERAL DE SERGIPE - GETULIO VARGAS (zona 2),55,RONALDO RAMOS CAIADO,38,2026,1,0
93,IFS - INSTITUTO FEDERAL DE SERGIPE - GETULIO VARGAS (zona 2),70,AUGUSTO JORGE CURY,36,2026,1,0
93,IFS - INSTITUTO FEDERAL DE SERGIPE - GETULIO VARGAS (zona 2),80,SAMARA MARTINS DA SILVA FEITOSA,4,2026,1,0
93,IFS - INSTITUTO FEDERAL DE SERGIPE - GETULIO VARGAS (zona 2),95,VOTO BRANCO,19,2026,1,0
93,IFS - INSTITUTO FEDERAL DE SERGIPE - GETULIO VARGAS (zona 2),96,VOTO NULO,60,2026,1,0
94,INSTITUTO CAPITAL INCA - ARUANA (zona 27),13,LUIZ INÁCIO LULA DA SILVA,244,2026,1,0
94,INSTITUTO CAPITAL INCA - ARUANA (zona 27),14,RENAN ANTONIO FERREIRA DOS SANTOS,31,2026,1,0
94,INSTITUTO CAPITAL INCA - ARUANA (zona 27),22,FLAVIO NANTES BOLSONARO,259,2026,1,0
94,INSTITUTO CAPITAL INCA - ARUANA (zona 27),55,RONALDO RAMOS CAIADO,11,2026,1,0
94,INSTITUTO CAPITAL INCA - ARUANA (zona 27),70,AUGUSTO JORGE CURY,22,2026,1,0
94,INSTITUTO CAPITAL INCA - ARUANA (zona 27),80,SAMARA MARTINS DA SILVA FEITOSA,1,2026,1,0
94,INSTITUTO CAPITAL INCA - ARUANA (zona 27),95,VOTO BRANCO,7,2026,1,0
94,INSTITUTO CAPITAL INCA - ARUANA (zona 27),96,VOTO NULO,10,2026,1,0
95,INSTITUTO DE EDUCAÇÃO RUY BARBOSA - GETULIO VARGAS (zona 2),13,LUIZ INÁCIO LULA DA SILVA,357,2026,1,0
95,INSTITUTO DE EDUCAÇÃO RUY BARBOSA - GETULIO VARGAS (zona 2),14,RENAN ANTONIO FERREIRA DOS SANTOS,10,2026,1,0
95,INSTITUTO DE EDUCAÇÃO RUY BARBOSA - GETULIO VARGAS (zona 2),22,FLAVIO NANTES BOLSONARO,229,2026,1,0
95,INSTITUTO DE EDUCAÇÃO RUY BARBOSA - GETULIO VARGAS (zona 2),55,RONALDO RAMOS CAIADO,14,2026,1,0
95,INSTITUTO DE EDUCAÇÃO RUY BARBOSA - GETULIO VARGAS (zona 2),70,AUGUSTO JORGE CURY,20,2026,1,0
95,INSTITUTO DE EDUCAÇÃO RUY BARBOSA - GETULIO VARGAS (zona 2),95,VOTO BRANCO,9,2026,1,0
95,INSTITUTO DE EDUCAÇÃO RUY BARBOSA - GETULIO VARGAS (zona 2),96,VOTO NULO,12,2026,1,0
96,INSTITUTO SOCIAL MICAEL - COROA DO MEIO (zona 27),13,LUIZ INÁCIO LULA DA SILVA,1036,2026,1,0
96,INSTITUTO SOCIAL MICAEL - COROA DO MEIO (zona 27),14,RENAN ANTONIO FERREIRA DOS SANTOS,48,2026,1,0
96,INSTITUTO SOCIAL MICAEL - COROA DO MEIO (zona 27),22,FLAVIO NANTES BOLSONARO,686,2026,1,0
96,INSTITUTO SOCIAL MICAEL - COROA DO MEIO (zona 27),27,CLARIANA ZACARKIM BARAO,1,2026,1,0
96,INSTITUTO SOCIAL MICAEL - COROA DO MEIO (zona 27),29,RUI COSTA PIMENTA,1,2026,1,0
96,INSTITUTO SOCIAL MICAEL - COROA DO MEIO (zona 27),30,ROMEU ZEMA NETO,5,2026,1,0
96,INSTITUTO SOCIAL MICAEL - COROA DO MEIO (zona 27),55,RONALDO RAMOS CAIADO,51,2026,1,0
96,INSTITUTO SOCIAL MICAEL - COROA DO MEIO (zona 27),70,AUGUSTO JORGE CURY,79,2026,1,0
96,INSTITUTO SOCIAL MICAEL - COROA DO MEIO (zona 27),80,SAMARA MARTINS DA SILVA FEITOSA,6,2026,1,0
96,INSTITUTO SOCIAL MICAEL - COROA DO MEIO (zona 27),95,VOTO BRANCO,16,2026,1,0
96,INSTITUTO SOCIAL MICAEL - COROA DO MEIO (zona 27),96,VOTO NULO,37,2026,1,0
97,"IRENE ROMÃO DE BRITO, EMEI - SANTA MARIA (zona 27)",13,LUIZ INÁCIO LULA DA SILVA,469,2026,1,0
97,"IRENE ROMÃO DE BRITO, EMEI - SANTA MARIA (zona 27)",14,RENAN ANTONIO FERREIRA DOS SANTOS,14,2026,1,0
97,"IRENE ROMÃO DE BRITO, EMEI - SANTA MARIA (zona 27)",22,FLAVIO NANTES BOLSONARO,277,2026,1,0
97,"IRENE ROMÃO DE BRITO, EMEI - SANTA MARIA (zona 27)",55,RONALDO RAMOS CAIADO,10,2026,1,0
97,"IRENE ROMÃO DE BRITO, EMEI - SANTA MARIA (zona 27)",70,AUGUSTO JORGE CURY,23,2026,1,0
97,"IRENE ROMÃO DE BRITO, EMEI - SANTA MARIA (zona 27)",80,SAMARA MARTINS DA SILVA FEITOSA,1,2026,1,0
97,"IRENE ROMÃO DE BRITO, EMEI - SANTA MARIA (zona 27)",95,VOTO BRANCO,16,2026,1,0
97,"IRENE ROMÃO DE BRITO, EMEI - SANTA MARIA (zona 27)",96,VOTO NULO,33,2026,1,0
98,"IVO DO PRADO, COLEGIO EST.(ANT. VALADARES) - DEZOITO DO FORTE (zona 1)",13,LUIZ INÁCIO LULA DA SILVA,2178,2026,1,0
98,"IVO DO PRADO, COLEGIO EST.(ANT. VALADARES) - DEZOITO DO FORTE (zona 1)",14,RENAN ANTONIO FERREIRA DOS SANTOS,77,2026,1,0
98,"IVO DO PRADO, COLEGIO EST.(ANT. VALADARES) - DEZOITO DO FORTE (zona 1)",16,HERTZ DA CONCEICAO DIAS,1,2026,1,0
98,"IVO DO PRADO, COLEGIO EST.(ANT. VALADARES) - DEZOITO DO FORTE (zona 1)",21,EDMILSON SILVA COSTA,1,2026,1,0
98,"IVO DO PRADO, COLEGIO EST.(ANT. VALADARES) - DEZOITO DO FORTE (zona 1)",22,FLAVIO NANTES BOLSONARO,1435,2026,1,0
98,"IVO DO PRADO, COLEGIO EST.(ANT. VALADARES) - DEZOITO DO FORTE (zona 1)",27,CLARIANA ZACARKIM BARAO,3,2026,1,0
98,"IVO DO PRADO, COLEGIO EST.(ANT. VALADARES) - DEZOITO DO FORTE (zona 1)",30,ROMEU ZEMA NETO,4,2026,1,0
98,"IVO DO PRADO, COLEGIO EST.(ANT. VALADARES) - DEZOITO DO FORTE (zona 1)",55,RONALDO RAMOS CAIADO,93,2026,1,0
98,"IVO DO PRADO, COLEGIO EST.(ANT. VALADARES) - DEZOITO DO FORTE (zona 1)",70,AUGUSTO JORGE CURY,139,2026,1,0
98,"IVO DO PRADO, COLEGIO EST.(ANT. VALADARES) - DEZOITO DO FORTE (zona 1)",80,SAMARA MARTINS DA SILVA FEITOSA,9,2026,1,0
98,"IVO DO PRADO, COLEGIO EST.(ANT. VALADARES) - DEZOITO DO FORTE (zona 1)",95,VOTO BRANCO,90,2026,1,0
98,"IVO DO PRADO, COLEGIO EST.(ANT. VALADARES) - DEZOITO DO FORTE (zona 1)",96,VOTO NULO,134,2026,1,0
99,JACINTO DE FIGUEIREDO MARTINS (MARIA DO CARMO ALVES) ESCOLA ESTADUAL - FAROLANDIA (zona 27),13,LUIZ INÁCIO LULA DA SILVA,2058,2026,1,0
99,JACINTO DE FIGUEIREDO MARTINS (MARIA DO CARMO ALVES) ESCOLA ESTADUAL - FAROLANDIA (zona 27),14,RENAN ANTONIO FERREIRA DOS SANTOS,53,2026,1,0
99,JACINTO DE FIGUEIREDO MARTINS (MARIA DO CARMO ALVES) ESCOLA ESTADUAL - FAROLANDIA (zona 27),16,HERTZ DA CONCEICAO DIAS,1,2026,1,0
99,JACINTO DE FIGUEIREDO MARTINS (MARIA DO CARMO ALVES) ESCOLA ESTADUAL - FAROLANDIA (zona 27),22,FLAVIO NANTES BOLSONARO,1479,2026,1,0
99,JACINTO DE FIGUEIREDO MARTINS (MARIA DO CARMO ALVES) ESCOLA ESTADUAL - FAROLANDIA (zona 27),27,CLARIANA ZACARKIM BARAO,1,2026,1,0
99,JACINTO DE FIGUEIREDO MARTINS (MARIA DO CARMO ALVES) ESCOLA ESTADUAL - FAROLANDIA (zona 27),30,ROMEU ZEMA NETO,12,2026,1,0
99,JACINTO DE FIGUEIREDO MARTINS (MARIA DO CARMO ALVES) ESCOLA ESTADUAL - FAROLANDIA (zona 27),55,RONALDO RAMOS CAIADO,72,2026,1,0
99,JACINTO DE FIGUEIREDO MARTINS (MARIA DO CARMO ALVES) ESCOLA ESTADUAL - FAROLANDIA (zona 27),70,AUGUSTO JORGE CURY,141,2026,1,0
99,JACINTO DE FIGUEIREDO MARTINS (MARIA DO CARMO ALVES) ESCOLA ESTADUAL - FAROLANDIA (zona 27),80,SAMARA MARTINS DA SILVA FEITOSA,2,2026,1,0
99,JACINTO DE FIGUEIREDO MARTINS (MARIA DO CARMO ALVES) ESCOLA ESTADUAL - FAROLANDIA (zona 27),95,VOTO BRANCO,45,2026,1,0
99,JACINTO DE FIGUEIREDO MARTINS (MARIA DO CARMO ALVES) ESCOLA ESTADUAL - FAROLANDIA (zona 27),96,VOTO NULO,110,2026,1,0
100,"JAIME ARAUJO, ESC. MUN. DEP. - SOLEDADE (zona 1)",13,LUIZ INÁCIO LULA DA SILVA,1832,2026,1,0
100,"JAIME ARAUJO, ESC. MUN. DEP. - SOLEDADE (zona 1)",14,RENAN ANTONIO FERREIRA DOS SANTOS,62,2026,1,0
100,"JAIME ARAUJO, ESC. MUN. DEP. - SOLEDADE (zona 1)",22,FLAVIO NANTES BOLSONARO,1214,2026,1,0
100,"JAIME ARAUJO, ESC. MUN. DEP. - SOLEDADE (zona 1)",27,CLARIANA ZACARKIM BARAO,1,2026,1,0
100,"JAIME ARAUJO, ESC. MUN. DEP. - SOLEDADE (zona 1)",30,ROMEU ZEMA NETO,2,2026,1,0
100,"JAIME ARAUJO, ESC. MUN. DEP. - SOLEDADE (zona 1)",55,RONALDO RAMOS CAIADO,71,2026,1,0
100,"JAIME ARAUJO, ESC. MUN. DEP. - SOLEDADE (zona 1)",70,AUGUSTO JORGE CURY,138,2026,1,0
100,"JAIME ARAUJO, ESC. MUN. DEP. - SOLEDADE (zona 1)",80,SAMARA MARTINS DA SILVA FEITOSA,2,2026,1,0
100,"JAIME ARAUJO, ESC. MUN. DEP. - SOLEDADE (zona 1)",95,VOTO BRANCO,78,2026,1,0
100,"JAIME ARAUJO, ESC. MUN. DEP. - SOLEDADE (zona 1)",96,VOTO NULO,127,2026,1,0
101,JARDIM ESCOLA BABYLEU - JARDINS (zona 2),13,LUIZ INÁCIO LULA DA SILVA,226,2026,1,0
101,JARDIM ESCOLA BABYLEU - JARDINS (zona 2),14,RENAN ANTONIO FERREIRA DOS SANTOS,11,2026,1,0
101,JARDIM ESCOLA BABYLEU - JARDINS (zona 2),22,FLAVIO NANTES BOLSONARO,335,2026,1,0
101,JARDIM ESCOLA BABYLEU - JARDINS (zona 2),30,ROMEU ZEMA NETO,1,2026,1,0
101,JARDIM ESCOLA BABYLEU - JARDINS (zona 2),55,RONALDO RAMOS CAIADO,23,2026,1,0
101,JARDIM ESCOLA BABYLEU - JARDINS (zona 2),70,AUGUSTO JORGE CURY,29,2026,1,0
101,JARDIM ESCOLA BABYLEU - JARDINS (zona 2),80,SAMARA MARTINS DA SILVA FEITOSA,2,2026,1,0
101,JARDIM ESCOLA BABYLEU - JARDINS (zona 2),95,VOTO BRANCO,5,2026,1,0
101,JARDIM ESCOLA BABYLEU - JARDINS (zona 2),96,VOTO NULO,14,2026,1,0
102,JARDIM ESCOLA BABYLÂNDIA - SALGADO FILHO (zona 2),13,LUIZ INÁCIO LULA DA SILVA,403,2026,1,0
102,JARDIM ESCOLA BABYLÂNDIA - SALGADO FILHO (zona 2),14,RENAN ANTONIO FERREIRA DOS SANTOS,40,2026,1,0
102,JARDIM ESCOLA BABYLÂNDIA - SALGADO FILHO (zona 2),21,EDMILSON SILVA COSTA,1,2026,1,0
102,JARDIM ESCOLA BABYLÂNDIA - SALGADO FILHO (zona 2),22,FLAVIO NANTES BOLSONARO,361,2026,1,0
102,JARDIM ESCOLA BABYLÂNDIA - SALGADO FILHO (zona 2),29,RUI COSTA PIMENTA,3,2026,1,0
102,JARDIM ESCOLA BABYLÂNDIA - SALGADO FILHO (zona 2),30,ROMEU ZEMA NETO,6,2026,1,0
102,JARDIM ESCOLA BABYLÂNDIA - SALGADO FILHO (zona 2),55,RONALDO RAMOS CAIADO,29,2026,1,0
102,JARDIM ESCOLA BABYLÂNDIA - SALGADO FILHO (zona 2),70,AUGUSTO JORGE CURY,20,2026,1,0
102,JARDIM ESCOLA BABYLÂNDIA - SALGADO FILHO (zona 2),80,SAMARA MARTINS DA SILVA FEITOSA,1,2026,1,0
102,JARDIM ESCOLA BABYLÂNDIA - SALGADO FILHO (zona 2),95,VOTO BRANCO,14,2026,1,0
102,JARDIM ESCOLA BABYLÂNDIA - SALGADO FILHO (zona 2),96,VOTO NULO,14,2026,1,0
103,"JARDINS, COLÉGIO - JARDINS (zona 2)",13,LUIZ INÁCIO LULA DA SILVA,849,2026,1,0
103,"JARDINS, COLÉGIO - JARDINS (zona 2)",14,RENAN ANTONIO FERREIRA DOS SANTOS,51,2026,1,0
103,"JARDINS, COLÉGIO - JARDINS (zona 2)",16,HERTZ DA CONCEICAO DIAS,5,2026,1,0
103,"JARDINS, COLÉGIO - JARDINS (zona 2)",22,FLAVIO NANTES BOLSONARO,855,2026,1,0
103,"JARDINS, COLÉGIO - JARDINS (zona 2)",27,CLARIANA ZACARKIM BARAO,2,2026,1,0
103,"JARDINS, COLÉGIO - JARDINS (zona 2)",30,ROMEU ZEMA NETO,9,2026,1,0
103,"JARDINS, COLÉGIO - JARDINS (zona 2)",55,RONALDO RAMOS CAIADO,50,2026,1,0
103,"JARDINS, COLÉGIO - JARDINS (zona 2)",70,AUGUSTO JORGE CURY,61,2026,1,0
103,"JARDINS, COLÉGIO - JARDINS (zona 2)",95,VOTO BRANCO,19,2026,1,0
103,"JARDINS, COLÉGIO - JARDINS (zona 2)",96,VOTO NULO,27,2026,1,0
104,"JOAO CARDOSO DO NASCIMENTO JUNIOR, ESCOLA ESTADUAL - GRAGERU (zona 2)",13,LUIZ INÁCIO LULA DA SILVA,477,2026,1,0
104,"JOAO CARDOSO DO NASCIMENTO JUNIOR, ESCOLA ESTADUAL - GRAGERU (zona 2)",14,RENAN ANTONIO FERREIRA DOS SANTOS,15,2026,1,0
104,"JOAO CARDOSO DO NASCIMENTO JUNIOR, ESCOLA ESTADUAL - GRAGERU (zona 2)",16,HERTZ DA CONCEICAO DIAS,1,2026,1,0
104,"JOAO CARDOSO DO NASCIMENTO JUNIOR, ESCOLA ESTADUAL - GRAGERU (zona 2)",21,EDMILSON SILVA COSTA,1,2026,1,0
104,"JOAO CARDOSO DO NASCIMENTO JUNIOR, ESCOLA ESTADUAL - GRAGERU (zona 2)",22,FLAVIO NANTES BOLSONARO,365,2026,1,0
104,"JOAO CARDOSO DO NASCIMENTO JUNIOR, ESCOLA ESTADUAL - GRAGERU (zona 2)",29,RUI COSTA PIMENTA,1,2026,1,0
104,"JOAO CARDOSO DO NASCIMENTO JUNIOR, ESCOLA ESTADUAL - GRAGERU (zona 2)",30,ROMEU ZEMA NETO,2,2026,1,0
104,"JOAO CARDOSO DO NASCIMENTO JUNIOR, ESCOLA ESTADUAL - GRAGERU (zona 2)",55,RONALDO RAMOS CAIADO,20,2026,1,0
104,"JOAO CARDOSO DO NASCIMENTO JUNIOR, ESCOLA ESTADUAL - GRAGERU (zona 2)",70,AUGUSTO JORGE CURY,25,2026,1,0
104,"JOAO CARDOSO DO NASCIMENTO JUNIOR, ESCOLA ESTADUAL - GRAGERU (zona 2)",95,VOTO BRANCO,12,2026,1,0
104,"JOAO CARDOSO DO NASCIMENTO JUNIOR, ESCOLA ESTADUAL - GRAGERU (zona 2)",96,VOTO NULO,20,2026,1,0
105,"JOAO TELES MENEZES, ESC. MUN. - CIDADE NOVA (zona 1)",13,LUIZ INÁCIO LULA DA SILVA,1136,2026,1,0
105,"JOAO TELES MENEZES, ESC. MUN. - CIDADE NOVA (zona 1)",14,RENAN ANTONIO FERREIRA DOS SANTOS,27,2026,1,0
105,"JOAO TELES MENEZES, ESC. MUN. - CIDADE NOVA (zona 1)",16,HERTZ DA CONCEICAO DIAS,1,2026,1,0
105,"JOAO TELES MENEZES, ESC. MUN. - CIDADE NOVA (zona 1)",21,EDMILSON SILVA COSTA,1,2026,1,0
105,"JOAO TELES MENEZES, ESC. MUN. - CIDADE NOVA (zona 1)",22,FLAVIO NANTES BOLSONARO,578,2026,1,0
105,"JOAO TELES MENEZES, ESC. MUN. - CIDADE NOVA (zona 1)",35,WILSON GRASSI JUNIOR,1,2026,1,0
105,"JOAO TELES MENEZES, ESC. MUN. - CIDADE NOVA (zona 1)",55,RONALDO RAMOS CAIADO,31,2026,1,0
105,"JOAO TELES MENEZES, ESC. MUN. - CIDADE NOVA (zona 1)",70,AUGUSTO JORGE CURY,92,2026,1,0
105,"JOAO TELES MENEZES, ESC. MUN. - CIDADE NOVA (zona 1)",80,SAMARA MARTINS DA SILVA FEITOSA,4,2026,1,0
105,"JOAO TELES MENEZES, ESC. MUN. - CIDADE NOVA (zona 1)",95,VOTO BRANCO,63,2026,1,0
105,"JOAO TELES MENEZES, ESC. MUN. - CIDADE NOVA (zona 1)",96,VOTO NULO,70,2026,1,0
106,"JOHN KENNEDY, ESCOLA ESTADUAL - GETULIO VARGAS (zona 2)",13,LUIZ INÁCIO LULA DA SILVA,783,2026,1,0
106,"JOHN KENNEDY, ESCOLA ESTADUAL - GETULIO VARGAS (zona 2)",14,RENAN ANTONIO FERREIRA DOS SANTOS,18,2026,1,0
106,"JOHN KENNEDY, ESCOLA ESTADUAL - GETULIO VARGAS (zona 2)",21,EDMILSON SILVA COSTA,1,2026,1,0
106,"JOHN KENNEDY, ESCOLA ESTADUAL - GETULIO VARGAS (zona 2)",22,FLAVIO NANTES BOLSONARO,438,2026,1,0
106,"JOHN KENNEDY, ESCOLA ESTADUAL - GETULIO VARGAS (zona 2)",27,CLARIANA ZACARKIM BARAO,1,2026,1,0
106,"JOHN KENNEDY, ESCOLA ESTADUAL - GETULIO VARGAS (zona 2)",55,RONALDO RAMOS CAIADO,38,2026,1,0
106,"JOHN KENNEDY, ESCOLA ESTADUAL - GETULIO VARGAS (zona 2)",70,AUGUSTO JORGE CURY,55,2026,1,0
106,"JOHN KENNEDY, ESCOLA ESTADUAL - GETULIO VARGAS (zona 2)",80,SAMARA MARTINS DA SILVA FEITOSA,3,2026,1,0
106,"JOHN KENNEDY, ESCOLA ESTADUAL - GETULIO VARGAS (zona 2)",95,VOTO BRANCO,26,2026,1,0
106,"JOHN KENNEDY, ESCOLA ESTADUAL - GETULIO VARGAS (zona 2)",96,VOTO NULO,54,2026,1,0
107,"JOSE AUGUSTO FERRAZ, ESCOLA ESTADUAL - INDUSTRIAL (zona 1)",13,LUIZ INÁCIO LULA DA SILVA,994,2026,1,0
107,"JOSE AUGUSTO FERRAZ, ESCOLA ESTADUAL - INDUSTRIAL (zona 1)",14,RENAN ANTONIO FERREIRA DOS SANTOS,41,2026,1,0
107,"JOSE AUGUSTO FERRAZ, ESCOLA ESTADUAL - INDUSTRIAL (zona 1)",22,FLAVIO NANTES BOLSONARO,614,2026,1,0
107,"JOSE AUGUSTO FERRAZ, ESCOLA ESTADUAL - INDUSTRIAL (zona 1)",30,ROMEU ZEMA NETO,1,2026,1,0
107,"JOSE AUGUSTO FERRAZ, ESCOLA ESTADUAL - INDUSTRIAL (zona 1)",55,RONALDO RAMOS CAIADO,37,2026,1,0
107,"JOSE AUGUSTO FERRAZ, ESCOLA ESTADUAL - INDUSTRIAL (zona 1)",70,AUGUSTO JORGE CURY,69,2026,1,0
107,"JOSE AUGUSTO FERRAZ, ESCOLA ESTADUAL - INDUSTRIAL (zona 1)",80,SAMARA MARTINS DA SILVA FEITOSA,4,2026,1,0
107,"JOSE AUGUSTO FERRAZ, ESCOLA ESTADUAL - INDUSTRIAL (zona 1)",95,VOTO BRANCO,43,2026,1,0
107,"JOSE AUGUSTO FERRAZ, ESCOLA ESTADUAL - INDUSTRIAL (zona 1)",96,VOTO NULO,54,2026,1,0
108,"JOSE BRANDAO DE CASTRO, DOM, EMEI - PONTO NOVO (zona 2)",13,LUIZ INÁCIO LULA DA SILVA,319,2026,1,0
108,"JOSE BRANDAO DE CASTRO, DOM, EMEI - PONTO NOVO (zona 2)",14,RENAN ANTONIO FERREIRA DOS SANTOS,25,2026,1,0
108,"JOSE BRANDAO DE CASTRO, DOM, EMEI - PONTO NOVO (zona 2)",22,FLAVIO NANTES BOLSONARO,216,2026,1,0
108,"JOSE BRANDAO DE CASTRO, DOM, EMEI - PONTO NOVO (zona 2)",30,ROMEU ZEMA NETO,1,2026,1,0
108,"JOSE BRANDAO DE CASTRO, DOM, EMEI - PONTO NOVO (zona 2)",55,RONALDO RAMOS CAIADO,11,2026,1,0
108,"JOSE BRANDAO DE CASTRO, DOM, EMEI - PONTO NOVO (zona 2)",70,AUGUSTO JORGE CURY,26,2026,1,0
108,"JOSE BRANDAO DE CASTRO, DOM, EMEI - PONTO NOVO (zona 2)",95,VOTO BRANCO,9,2026,1,0
108,"JOSE BRANDAO DE CASTRO, DOM, EMEI - PONTO NOVO (zona 2)",96,VOTO NULO,15,2026,1,0
109,"JOSE CARLOS DE SOUZA, PROF, ESCOLA ESTADUAL - GRAGERU (zona 2)",13,LUIZ INÁCIO LULA DA SILVA,1306,2026,1,0
109,"JOSE CARLOS DE SOUZA, PROF, ESCOLA ESTADUAL - GRAGERU (zona 2)",14,RENAN ANTONIO FERREIRA DOS SANTOS,49,2026,1,0
109,"JOSE CARLOS DE SOUZA, PROF, ESCOLA ESTADUAL - GRAGERU (zona 2)",16,HERTZ DA CONCEICAO DIAS,4,2026,1,0
109,"JOSE CARLOS DE SOUZA, PROF, ESCOLA ESTADUAL - GRAGERU (zona 2)",22,FLAVIO NANTES BOLSONARO,1010,2026,1,0
109,"JOSE CARLOS DE SOUZA, PROF, ESCOLA ESTADUAL - GRAGERU (zona 2)",27,CLARIANA ZACARKIM BARAO,1,2026,1,0
109,"JOSE CARLOS DE SOUZA, PROF, ESCOLA ESTADUAL - GRAGERU (zona 2)",29,RUI COSTA PIMENTA,1,2026,1,0
109,"JOSE CARLOS DE SOUZA, PROF, ESCOLA ESTADUAL - GRAGERU (zona 2)",30,ROMEU ZEMA NETO,4,2026,1,0
109,"JOSE CARLOS DE SOUZA, PROF, ESCOLA ESTADUAL - GRAGERU (zona 2)",35,WILSON GRASSI JUNIOR,1,2026,1,0
109,"JOSE CARLOS DE SOUZA, PROF, ESCOLA ESTADUAL - GRAGERU (zona 2)",55,RONALDO RAMOS CAIADO,55,2026,1,0
109,"JOSE CARLOS DE SOUZA, PROF, ESCOLA ESTADUAL - GRAGERU (zona 2)",70,AUGUSTO JORGE CURY,85,2026,1,0
109,"JOSE CARLOS DE SOUZA, PROF, ESCOLA ESTADUAL - GRAGERU (zona 2)",80,SAMARA MARTINS DA SILVA FEITOSA,9,2026,1,0
109,"JOSE CARLOS DE SOUZA, PROF, ESCOLA ESTADUAL - GRAGERU (zona 2)",95,VOTO BRANCO,27,2026,1,0
109,"JOSE CARLOS DE SOUZA, PROF, ESCOLA ESTADUAL - GRAGERU (zona 2)",96,VOTO NULO,53,2026,1,0
110,"JOSE DA SILVA RIBEIRO FILHO, ESC. EST. - SANTOS DUMONT (zona 1)",13,LUIZ INÁCIO LULA DA SILVA,1535,2026,1,0
110,"JOSE DA SILVA RIBEIRO FILHO, ESC. EST. - SANTOS DUMONT (zona 1)",14,RENAN ANTONIO FERREIRA DOS SANTOS,43,2026,1,0
110,"JOSE DA SILVA RIBEIRO FILHO, ESC. EST. - SANTOS DUMONT (zona 1)",16,HERTZ DA CONCEICAO DIAS,2,2026,1,0
110,"JOSE DA SILVA RIBEIRO FILHO, ESC. EST. - SANTOS DUMONT (zona 1)",22,FLAVIO NANTES BOLSONARO,1031,2026,1,0
110,"JOSE DA SILVA RIBEIRO FILHO, ESC. EST. - SANTOS DUMONT (zona 1)",30,ROMEU ZEMA NETO,2,2026,1,0
110,"JOSE DA SILVA RIBEIRO FILHO, ESC. EST. - SANTOS DUMONT (zona 1)",55,RONALDO RAMOS CAIADO,91,2026,1,0
110,"JOSE DA SILVA RIBEIRO FILHO, ESC. EST. - SANTOS DUMONT (zona 1)",70,AUGUSTO JORGE CURY,120,2026,1,0
110,"JOSE DA SILVA RIBEIRO FILHO, ESC. EST. - SANTOS DUMONT (zona 1)",80,SAMARA MARTINS DA SILVA FEITOSA,7,2026,1,0
110,"JOSE DA SILVA RIBEIRO FILHO, ESC. EST. - SANTOS DUMONT (zona 1)",95,VOTO BRANCO,86,2026,1,0
110,"JOSE DA SILVA RIBEIRO FILHO, ESC. EST. - SANTOS DUMONT (zona 1)",96,VOTO NULO,132,2026,1,0
111,"JOSE DE ALENCAR CARDOSO, ESC. EST. - BUGIO (zona 1)",13,LUIZ INÁCIO LULA DA SILVA,1207,2026,1,0
111,"JOSE DE ALENCAR CARDOSO, ESC. EST. - BUGIO (zona 1)",14,RENAN ANTONIO FERREIRA DOS SANTOS,45,2026,1,0
111,"JOSE DE ALENCAR CARDOSO, ESC. EST. - BUGIO (zona 1)",21,EDMILSON SILVA COSTA,1,2026,1,0
111,"JOSE DE ALENCAR CARDOSO, ESC. EST. - BUGIO (zona 1)",22,FLAVIO NANTES BOLSONARO,681,2026,1,0
111,"JOSE DE ALENCAR CARDOSO, ESC. EST. - BUGIO (zona 1)",27,CLARIANA ZACARKIM BARAO,2,2026,1,0
111,"JOSE DE ALENCAR CARDOSO, ESC. EST. - BUGIO (zona 1)",55,RONALDO RAMOS CAIADO,57,2026,1,0
111,"JOSE DE ALENCAR CARDOSO, ESC. EST. - BUGIO (zona 1)",70,AUGUSTO JORGE CURY,81,2026,1,0
111,"JOSE DE ALENCAR CARDOSO, ESC. EST. - BUGIO (zona 1)",80,SAMARA MARTINS DA SILVA FEITOSA,4,2026,1,0
111,"JOSE DE ALENCAR CARDOSO, ESC. EST. - BUGIO (zona 1)",95,VOTO BRANCO,53,2026,1,0
111,"JOSE DE ALENCAR CARDOSO, ESC. EST. - BUGIO (zona 1)",96,VOTO NULO,88,2026,1,0
112,"JOSE ROLLEMBERG LEITE, CENTRO DE EXC. - JOSE CONRADO DE ARAUJO (zona 1)",13,LUIZ INÁCIO LULA DA SILVA,1108,2026,1,0
112,"JOSE ROLLEMBERG LEITE, CENTRO DE EXC. - JOSE CONRADO DE ARAUJO (zona 1)",14,RENAN ANTONIO FERREIRA DOS SANTOS,41,2026,1,0
112,"JOSE ROLLEMBERG LEITE, CENTRO DE EXC. - JOSE CONRADO DE ARAUJO (zona 1)",21,EDMILSON SILVA COSTA,1,2026,1,0
112,"JOSE ROLLEMBERG LEITE, CENTRO DE EXC. - JOSE CONRADO DE ARAUJO (zona 1)",22,FLAVIO NANTES BOLSONARO,801,2026,1,0
112,"JOSE ROLLEMBERG LEITE, CENTRO DE EXC. - JOSE CONRADO DE ARAUJO (zona 1)",27,CLARIANA ZACARKIM BARAO,2,2026,1,0
112,"JOSE ROLLEMBERG LEITE, CENTRO DE EXC. - JOSE CONRADO DE ARAUJO (zona 1)",29,RUI COSTA PIMENTA,1,2026,1,0
112,"JOSE ROLLEMBERG LEITE, CENTRO DE EXC. - JOSE CONRADO DE ARAUJO (zona 1)",35,WILSON GRASSI JUNIOR,1,2026,1,0
112,"JOSE ROLLEMBERG LEITE, CENTRO DE EXC. - JOSE CONRADO DE ARAUJO (zona 1)",55,RONALDO RAMOS CAIADO,53,2026,1,0
112,"JOSE ROLLEMBERG LEITE, CENTRO DE EXC. - JOSE CONRADO DE ARAUJO (zona 1)",70,AUGUSTO JORGE CURY,64,2026,1,0
112,"JOSE ROLLEMBERG LEITE, CENTRO DE EXC. - JOSE CONRADO DE ARAUJO (zona 1)",80,SAMARA MARTINS DA SILVA FEITOSA,2,2026,1,0
112,"JOSE ROLLEMBERG LEITE, CENTRO DE EXC. - JOSE CONRADO DE ARAUJO (zona 1)",95,VOTO BRANCO,40,2026,1,0
112,"JOSE ROLLEMBERG LEITE, CENTRO DE EXC. - JOSE CONRADO DE ARAUJO (zona 1)",96,VOTO NULO,73,2026,1,0
113,"JOSE VICENTE TÁVORA, DOM, ESCOLA ESTADUAL - AMERICA (zona 2)",13,LUIZ INÁCIO LULA DA SILVA,686,2026,1,0
113,"JOSE VICENTE TÁVORA, DOM, ESCOLA ESTADUAL - AMERICA (zona 2)",14,RENAN ANTONIO FERREIRA DOS SANTOS,32,2026,1,0
113,"JOSE VICENTE TÁVORA, DOM, ESCOLA ESTADUAL - AMERICA (zona 2)",22,FLAVIO NANTES BOLSONARO,453,2026,1,0
113,"JOSE VICENTE TÁVORA, DOM, ESCOLA ESTADUAL - AMERICA (zona 2)",30,ROMEU ZEMA NETO,1,2026,1,0
113,"JOSE VICENTE TÁVORA, DOM, ESCOLA ESTADUAL - AMERICA (zona 2)",55,RONALDO RAMOS CAIADO,19,2026,1,0
113,"JOSE VICENTE TÁVORA, DOM, ESCOLA ESTADUAL - AMERICA (zona 2)",70,AUGUSTO JORGE CURY,42,2026,1,0
113,"JOSE VICENTE TÁVORA, DOM, ESCOLA ESTADUAL - AMERICA (zona 2)",80,SAMARA MARTINS DA SILVA FEITOSA,3,2026,1,0
113,"JOSE VICENTE TÁVORA, DOM, ESCOLA ESTADUAL - AMERICA (zona 2)",95,VOTO BRANCO,21,2026,1,0
113,"JOSE VICENTE TÁVORA, DOM, ESCOLA ESTADUAL - AMERICA (zona 2)",96,VOTO NULO,45,2026,1,0
114,"JOSÉ ANTÔNIO DA COSTA MELO, EMEFTI PROF. - GETULIO VARGAS (zona 2)",13,LUIZ INÁCIO LULA DA SILVA,719,2026,1,0
114,"JOSÉ ANTÔNIO DA COSTA MELO, EMEFTI PROF. - GETULIO VARGAS (zona 2)",14,RENAN ANTONIO FERREIRA DOS SANTOS,25,2026,1,0
114,"JOSÉ ANTÔNIO DA COSTA MELO, EMEFTI PROF. - GETULIO VARGAS (zona 2)",16,HERTZ DA CONCEICAO DIAS,1,2026,1,0
114,"JOSÉ ANTÔNIO DA COSTA MELO, EMEFTI PROF. - GETULIO VARGAS (zona 2)",22,FLAVIO NANTES BOLSONARO,571,2026,1,0
114,"JOSÉ ANTÔNIO DA COSTA MELO, EMEFTI PROF. - GETULIO VARGAS (zona 2)",27,CLARIANA ZACARKIM BARAO,1,2026,1,0
114,"JOSÉ ANTÔNIO DA COSTA MELO, EMEFTI PROF. - GETULIO VARGAS (zona 2)",30,ROMEU ZEMA NETO,1,2026,1,0
114,"JOSÉ ANTÔNIO DA COSTA MELO, EMEFTI PROF. - GETULIO VARGAS (zona 2)",35,WILSON GRASSI JUNIOR,2,2026,1,0
114,"JOSÉ ANTÔNIO DA COSTA MELO, EMEFTI PROF. - GETULIO VARGAS (zona 2)",55,RONALDO RAMOS CAIADO,35,2026,1,0
114,"JOSÉ ANTÔNIO DA COSTA MELO, EMEFTI PROF. - GETULIO VARGAS (zona 2)",70,AUGUSTO JORGE CURY,46,2026,1,0
114,"JOSÉ ANTÔNIO DA COSTA MELO, EMEFTI PROF. - GETULIO VARGAS (zona 2)",80,SAMARA MARTINS DA SILVA FEITOSA,2,2026,1,0
114,"JOSÉ ANTÔNIO DA COSTA MELO, EMEFTI PROF. - GETULIO VARGAS (zona 2)",95,VOTO BRANCO,14,2026,1,0
114,"JOSÉ ANTÔNIO DA COSTA MELO, EMEFTI PROF. - GETULIO VARGAS (zona 2)",96,VOTO NULO,48,2026,1,0
115,"JOSÉ CONRADO DE ARAUJO, EMEF - SAO CONRADO (zona 27)",13,LUIZ INÁCIO LULA DA SILVA,680,2026,1,0
115,"JOSÉ CONRADO DE ARAUJO, EMEF - SAO CONRADO (zona 27)",14,RENAN ANTONIO FERREIRA DOS SANTOS,19,2026,1,0
115,"JOSÉ CONRADO DE ARAUJO, EMEF - SAO CONRADO (zona 27)",16,HERTZ DA CONCEICAO DIAS,1,2026,1,0
115,"JOSÉ CONRADO DE ARAUJO, EMEF - SAO CONRADO (zona 27)",22,FLAVIO NANTES BOLSONARO,407,2026,1,0
115,"JOSÉ CONRADO DE ARAUJO, EMEF - SAO CONRADO (zona 27)",30,ROMEU ZEMA NETO,1,2026,1,0
115,"JOSÉ CONRADO DE ARAUJO, EMEF - SAO CONRADO (zona 27)",35,WILSON GRASSI JUNIOR,2,2026,1,0
115,"JOSÉ CONRADO DE ARAUJO, EMEF - SAO CONRADO (zona 27)",55,RONALDO RAMOS CAIADO,29,2026,1,0
115,"JOSÉ CONRADO DE ARAUJO, EMEF - SAO CONRADO (zona 27)",70,AUGUSTO JORGE CURY,45,2026,1,0
115,"JOSÉ CONRADO DE ARAUJO, EMEF - SAO CONRADO (zona 27)",80,SAMARA MARTINS DA SILVA FEITOSA,2,2026,1,0
115,"JOSÉ CONRADO DE ARAUJO, EMEF - SAO CONRADO (zona 27)",95,VOTO BRANCO,26,2026,1,0
115,"JOSÉ CONRADO DE ARAUJO, EMEF - SAO CONRADO (zona 27)",96,VOTO NULO,54,2026,1,0
116,"JOSÉ GARCEZ VIEIRA, EMEI - SIQUEIRA CAMPOS (zona 2)",13,LUIZ INÁCIO LULA DA SILVA,400,2026,1,0
116,"JOSÉ GARCEZ VIEIRA, EMEI - SIQUEIRA CAMPOS (zona 2)",14,RENAN ANTONIO FERREIRA DOS SANTOS,15,2026,1,0
116,"JOSÉ GARCEZ VIEIRA, EMEI - SIQUEIRA CAMPOS (zona 2)",21,EDMILSON SILVA COSTA,1,2026,1,0
116,"JOSÉ GARCEZ VIEIRA, EMEI - SIQUEIRA CAMPOS (zona 2)",22,FLAVIO NANTES BOLSONARO,281,2026,1,0
116,"JOSÉ GARCEZ VIEIRA, EMEI - SIQUEIRA CAMPOS (zona 2)",27,CLARIANA ZACARKIM BARAO,1,2026,1,0
116,"JOSÉ GARCEZ VIEIRA, EMEI - SIQUEIRA CAMPOS (zona 2)",30,ROMEU ZEMA NETO,1,2026,1,0
116,"JOSÉ GARCEZ VIEIRA, EMEI - SIQUEIRA CAMPOS (zona 2)",35,WILSON GRASSI JUNIOR,1,2026,1,0
116,"JOSÉ GARCEZ VIEIRA, EMEI - SIQUEIRA CAMPOS (zona 2)",55,RONALDO RAMOS CAIADO,20,2026,1,0
116,"JOSÉ GARCEZ VIEIRA, EMEI - SIQUEIRA CAMPOS (zona 2)",70,AUGUSTO JORGE CURY,36,2026,1,0
116,"JOSÉ GARCEZ VIEIRA, EMEI - SIQUEIRA CAMPOS (zona 2)",80,SAMARA MARTINS DA SILVA FEITOSA,1,2026,1,0
116,"JOSÉ GARCEZ VIEIRA, EMEI - SIQUEIRA CAMPOS (zona 2)",95,VOTO BRANCO,19,2026,1,0
116,"JOSÉ GARCEZ VIEIRA, EMEI - SIQUEIRA CAMPOS (zona 2)",96,VOTO NULO,34,2026,1,0
117,"JOÃO BATISTA DOUGLAS DE SOUZA, EMEI - SANTA MARIA (zona 27)",13,LUIZ INÁCIO LULA DA SILVA,516,2026,1,0
117,"JOÃO BATISTA DOUGLAS DE SOUZA, EMEI - SANTA MARIA (zona 27)",14,RENAN ANTONIO FERREIRA DOS SANTOS,18,2026,1,0
117,"JOÃO BATISTA DOUGLAS DE SOUZA, EMEI - SANTA MARIA (zona 27)",22,FLAVIO NANTES BOLSONARO,226,2026,1,0
117,"JOÃO BATISTA DOUGLAS DE SOUZA, EMEI - SANTA MARIA (zona 27)",27,CLARIANA ZACARKIM BARAO,1,2026,1,0
117,"JOÃO BATISTA DOUGLAS DE SOUZA, EMEI - SANTA MARIA (zona 27)",30,ROMEU ZEMA NETO,1,2026,1,0
117,"JOÃO BATISTA DOUGLAS DE SOUZA, EMEI - SANTA MARIA (zona 27)",55,RONALDO RAMOS CAIADO,18,2026,1,0
117,"JOÃO BATISTA DOUGLAS DE SOUZA, EMEI - SANTA MARIA (zona 27)",70,AUGUSTO JORGE CURY,35,2026,1,0
117,"JOÃO BATISTA DOUGLAS DE SOUZA, EMEI - SANTA MARIA (zona 27)",80,SAMARA MARTINS DA SILVA FEITOSA,2,2026,1,0
117,"JOÃO BATISTA DOUGLAS DE SOUZA, EMEI - SANTA MARIA (zona 27)",95,VOTO BRANCO,21,2026,1,0
117,"JOÃO BATISTA DOUGLAS DE SOUZA, EMEI - SANTA MARIA (zona 27)",96,VOTO NULO,28,2026,1,0
118,"JOÃO BOSCO DE ANDRADE LIMA, ESCOLA EST. DES. - JARDIM CENTENARIO (zona 1)",13,LUIZ INÁCIO LULA DA SILVA,1066,2026,1,0
118,"JOÃO BOSCO DE ANDRADE LIMA, ESCOLA EST. DES. - JARDIM CENTENARIO (zona 1)",14,RENAN ANTONIO FERREIRA DOS SANTOS,49,2026,1,0
118,"JOÃO BOSCO DE ANDRADE LIMA, ESCOLA EST. DES. - JARDIM CENTENARIO (zona 1)",16,HERTZ DA CONCEICAO DIAS,2,2026,1,0
118,"JOÃO BOSCO DE ANDRADE LIMA, ESCOLA EST. DES. - JARDIM CENTENARIO (zona 1)",21,EDMILSON SILVA COSTA,1,2026,1,0
118,"JOÃO BOSCO DE ANDRADE LIMA, ESCOLA EST. DES. - JARDIM CENTENARIO (zona 1)",22,FLAVIO NANTES BOLSONARO,569,2026,1,0
118,"JOÃO BOSCO DE ANDRADE LIMA, ESCOLA EST. DES. - JARDIM CENTENARIO (zona 1)",55,RONALDO RAMOS CAIADO,47,2026,1,0
118,"JOÃO BOSCO DE ANDRADE LIMA, ESCOLA EST. DES. - JARDIM CENTENARIO (zona 1)",70,AUGUSTO JORGE CURY,61,2026,1,0
118,"JOÃO BOSCO DE ANDRADE LIMA, ESCOLA EST. DES. - JARDIM CENTENARIO (zona 1)",80,SAMARA MARTINS DA SILVA FEITOSA,2,2026,1,0
118,"JOÃO BOSCO DE ANDRADE LIMA, ESCOLA EST. DES. - JARDIM CENTENARIO (zona 1)",95,VOTO BRANCO,39,2026,1,0
118,"JOÃO BOSCO DE ANDRADE LIMA, ESCOLA EST. DES. - JARDIM CENTENARIO (zona 1)",96,VOTO NULO,79,2026,1,0
119,"JOÃO COSTA, ESCOLA ESTADUAL - GETULIO VARGAS (zona 2)",13,LUIZ INÁCIO LULA DA SILVA,1095,2026,1,0
119,"JOÃO COSTA, ESCOLA ESTADUAL - GETULIO VARGAS (zona 2)",14,RENAN ANTONIO FERREIRA DOS SANTOS,65,2026,1,0
119,"JOÃO COSTA, ESCOLA ESTADUAL - GETULIO VARGAS (zona 2)",16,HERTZ DA CONCEICAO DIAS,2,2026,1,0
119,"JOÃO COSTA, ESCOLA ESTADUAL - GETULIO VARGAS (zona 2)",22,FLAVIO NANTES BOLSONARO,787,2026,1,0
119,"JOÃO COSTA, ESCOLA ESTADUAL - GETULIO VARGAS (zona 2)",27,CLARIANA ZACARKIM BARAO,1,2026,1,0
119,"JOÃO COSTA, ESCOLA ESTADUAL - GETULIO VARGAS (zona 2)",29,RUI COSTA PIMENTA,2,2026,1,0
119,"JOÃO COSTA, ESCOLA ESTADUAL - GETULIO VARGAS (zona 2)",30,ROMEU ZEMA NETO,3,2026,1,0
119,"JOÃO COSTA, ESCOLA ESTADUAL - GETULIO VARGAS (zona 2)",55,RONALDO RAMOS CAIADO,39,2026,1,0
119,"JOÃO COSTA, ESCOLA ESTADUAL - GETULIO VARGAS (zona 2)",70,AUGUSTO JORGE CURY,84,2026,1,0
119,"JOÃO COSTA, ESCOLA ESTADUAL - GETULIO VARGAS (zona 2)",80,SAMARA MARTINS DA SILVA FEITOSA,1,2026,1,0
119,"JOÃO COSTA, ESCOLA ESTADUAL - GETULIO VARGAS (zona 2)",95,VOTO BRANCO,39,2026,1,0
119,"JOÃO COSTA, ESCOLA ESTADUAL - GETULIO VARGAS (zona 2)",96,VOTO NULO,52,2026,1,0
120,"JOÃO PAULO II, COLÉGIO ESTADUAL - CIDADE NOVA (zona 1)",13,LUIZ INÁCIO LULA DA SILVA,580,2026,1,0
120,"JOÃO PAULO II, COLÉGIO ESTADUAL - CIDADE NOVA (zona 1)",14,RENAN ANTONIO FERREIRA DOS SANTOS,13,2026,1,0
120,"JOÃO PAULO II, COLÉGIO ESTADUAL - CIDADE NOVA (zona 1)",22,FLAVIO NANTES BOLSONARO,251,2026,1,0
120,"JOÃO PAULO II, COLÉGIO ESTADUAL - CIDADE NOVA (zona 1)",35,WILSON GRASSI JUNIOR,1,2026,1,0
120,"JOÃO PAULO II, COLÉGIO ESTADUAL - CIDADE NOVA (zona 1)",55,RONALDO RAMOS CAIADO,13,2026,1,0
120,"JOÃO PAULO II, COLÉGIO ESTADUAL - CIDADE NOVA (zona 1)",70,AUGUSTO JORGE CURY,34,2026,1,0
120,"JOÃO PAULO II, COLÉGIO ESTADUAL - CIDADE NOVA (zona 1)",80,SAMARA MARTINS DA SILVA FEITOSA,4,2026,1,0
120,"JOÃO PAULO II, COLÉGIO ESTADUAL - CIDADE NOVA (zona 1)",95,VOTO BRANCO,21,2026,1,0
120,"JOÃO PAULO II, COLÉGIO ESTADUAL - CIDADE NOVA (zona 1)",96,VOTO NULO,50,2026,1,0
121,"JUDITE OLIVEIRA, PROFA, ESCOLA - SAO CONRADO (zona 27)",13,LUIZ INÁCIO LULA DA SILVA,1898,2026,1,0
121,"JUDITE OLIVEIRA, PROFA, ESCOLA - SAO CONRADO (zona 27)",14,RENAN ANTONIO FERREIRA DOS SANTOS,39,2026,1,0
121,"JUDITE OLIVEIRA, PROFA, ESCOLA - SAO CONRADO (zona 27)",16,HERTZ DA CONCEICAO DIAS,2,2026,1,0
121,"JUDITE OLIVEIRA, PROFA, ESCOLA - SAO CONRADO (zona 27)",21,EDMILSON SILVA COSTA,1,2026,1,0
121,"JUDITE OLIVEIRA, PROFA, ESCOLA - SAO CONRADO (zona 27)",22,FLAVIO NANTES BOLSONARO,1107,2026,1,0
121,"JUDITE OLIVEIRA, PROFA, ESCOLA - SAO CONRADO (zona 27)",27,CLARIANA ZACARKIM BARAO,4,2026,1,0
121,"JUDITE OLIVEIRA, PROFA, ESCOLA - SAO CONRADO (zona 27)",28,LEONARDO ALVES DE ARAUJO,1,2026,1,0
121,"JUDITE OLIVEIRA, PROFA, ESCOLA - SAO CONRADO (zona 27)",29,RUI COSTA PIMENTA,1,2026,1,0
121,"JUDITE OLIVEIRA, PROFA, ESCOLA - SAO CONRADO (zona 27)",30,ROMEU ZEMA NETO,3,2026,1,0
121,"JUDITE OLIVEIRA, PROFA, ESCOLA - SAO CONRADO (zona 27)",35,WILSON GRASSI JUNIOR,2,2026,1,0
121,"JUDITE OLIVEIRA, PROFA, ESCOLA - SAO CONRADO (zona 27)",55,RONALDO RAMOS CAIADO,83,2026,1,0
121,"JUDITE OLIVEIRA, PROFA, ESCOLA - SAO CONRADO (zona 27)",70,AUGUSTO JORGE CURY,124,2026,1,0
121,"JUDITE OLIVEIRA, PROFA, ESCOLA - SAO CONRADO (zona 27)",80,SAMARA MARTINS DA SILVA FEITOSA,3,2026,1,0
121,"JUDITE OLIVEIRA, PROFA, ESCOLA - SAO CONRADO (zona 27)",95,VOTO BRANCO,73,2026,1,0
121,"JUDITE OLIVEIRA, PROFA, ESCOLA - SAO CONRADO (zona 27)",96,VOTO NULO,157,2026,1,0
122,"JUSCELINO KUBITSCHECK, PRESIDENTE, ESCOLA - COROA DO MEIO (zona 27)",13,LUIZ INÁCIO LULA DA SILVA,1826,2026,1,0
122,"JUSCELINO KUBITSCHECK, PRESIDENTE, ESCOLA - COROA DO MEIO (zona 27)",14,RENAN ANTONIO FERREIRA DOS SANTOS,60,2026,1,0
122,"JUSCELINO KUBITSCHECK, PRESIDENTE, ESCOLA - COROA DO MEIO (zona 27)",16,HERTZ DA CONCEICAO DIAS,2,2026,1,0
122,"JUSCELINO KUBITSCHECK, PRESIDENTE, ESCOLA - COROA DO MEIO (zona 27)",22,FLAVIO NANTES BOLSONARO,1194,2026,1,0
122,"JUSCELINO KUBITSCHECK, PRESIDENTE, ESCOLA - COROA DO MEIO (zona 27)",30,ROMEU ZEMA NETO,7,2026,1,0
122,"JUSCELINO KUBITSCHECK, PRESIDENTE, ESCOLA - COROA DO MEIO (zona 27)",55,RONALDO RAMOS CAIADO,92,2026,1,0
122,"JUSCELINO KUBITSCHECK, PRESIDENTE, ESCOLA - COROA DO MEIO (zona 27)",70,AUGUSTO JORGE CURY,98,2026,1,0
122,"JUSCELINO KUBITSCHECK, PRESIDENTE, ESCOLA - COROA DO MEIO (zona 27)",80,SAMARA MARTINS DA SILVA FEITOSA,5,2026,1,0
122,"JUSCELINO KUBITSCHECK, PRESIDENTE, ESCOLA - COROA DO MEIO (zona 27)",95,VOTO BRANCO,45,2026,1,0
122,"JUSCELINO KUBITSCHECK, PRESIDENTE, ESCOLA - COROA DO MEIO (zona 27)",96,VOTO NULO,86,2026,1,0
123,"LEANDRO MACIEL, ESCOLA ESTADUAL - PONTO NOVO (zona 2)",13,LUIZ INÁCIO LULA DA SILVA,1200,2026,1,0
123,"LEANDRO MACIEL, ESCOLA ESTADUAL - PONTO NOVO (zona 2)",14,RENAN ANTONIO FERREIRA DOS SANTOS,61,2026,1,0
123,"LEANDRO MACIEL, ESCOLA ESTADUAL - PONTO NOVO (zona 2)",21,EDMILSON SILVA COSTA,1,2026,1,0
123,"LEANDRO MACIEL, ESCOLA ESTADUAL - PONTO NOVO (zona 2)",22,FLAVIO NANTES BOLSONARO,895,2026,1,0
123,"LEANDRO MACIEL, ESCOLA ESTADUAL - PONTO NOVO (zona 2)",27,CLARIANA ZACARKIM BARAO,1,2026,1,0
123,"LEANDRO MACIEL, ESCOLA ESTADUAL - PONTO NOVO (zona 2)",30,ROMEU ZEMA NETO,2,2026,1,0
123,"LEANDRO MACIEL, ESCOLA ESTADUAL - PONTO NOVO (zona 2)",55,RONALDO RAMOS CAIADO,57,2026,1,0
123,"LEANDRO MACIEL, ESCOLA ESTADUAL - PONTO NOVO (zona 2)",70,AUGUSTO JORGE CURY,77,2026,1,0
123,"LEANDRO MACIEL, ESCOLA ESTADUAL - PONTO NOVO (zona 2)",80,SAMARA MARTINS DA SILVA FEITOSA,2,2026,1,0
123,"LEANDRO MACIEL, ESCOLA ESTADUAL - PONTO NOVO (zona 2)",95,VOTO BRANCO,24,2026,1,0
123,"LEANDRO MACIEL, ESCOLA ESTADUAL - PONTO NOVO (zona 2)",96,VOTO NULO,70,2026,1,0
124,"LEITE NETO, SEN, ESCOLA ESTADUAL - GRAGERU (zona 2)",13,LUIZ INÁCIO LULA DA SILVA,1468,2026,1,0
124,"LEITE NETO, SEN, ESCOLA ESTADUAL - GRAGERU (zona 2)",14,RENAN ANTONIO FERREIRA DOS SANTOS,46,2026,1,0
124,"LEITE NETO, SEN, ESCOLA ESTADUAL - GRAGERU (zona 2)",16,HERTZ DA CONCEICAO DIAS,1,2026,1,0
124,"LEITE NETO, SEN, ESCOLA ESTADUAL - GRAGERU (zona 2)",22,FLAVIO NANTES BOLSONARO,1018,2026,1,0
124,"LEITE NETO, SEN, ESCOLA ESTADUAL - GRAGERU (zona 2)",30,ROMEU ZEMA NETO,5,2026,1,0
124,"LEITE NETO, SEN, ESCOLA ESTADUAL - GRAGERU (zona 2)",35,WILSON GRASSI JUNIOR,1,2026,1,0
124,"LEITE NETO, SEN, ESCOLA ESTADUAL - GRAGERU (zona 2)",55,RONALDO RAMOS CAIADO,67,2026,1,0
124,"LEITE NETO, SEN, ESCOLA ESTADUAL - GRAGERU (zona 2)",70,AUGUSTO JORGE CURY,70,2026,1,0
124,"LEITE NETO, SEN, ESCOLA ESTADUAL - GRAGERU (zona 2)",80,SAMARA MARTINS DA SILVA FEITOSA,3,2026,1,0
124,"LEITE NETO, SEN, ESCOLA ESTADUAL - GRAGERU (zona 2)",95,VOTO BRANCO,23,2026,1,0
124,"LEITE NETO, SEN, ESCOLA ESTADUAL - GRAGERU (zona 2)",96,VOTO NULO,62,2026,1,0
125,"LETICIA SOARES DE SANTANA, E.M.E.F - SANTOS DUMONT (zona 1)",13,LUIZ INÁCIO LULA DA SILVA,798,2026,1,0
125,"LETICIA SOARES DE SANTANA, E.M.E.F - SANTOS DUMONT (zona 1)",14,RENAN ANTONIO FERREIRA DOS SANTOS,22,2026,1,0
125,"LETICIA SOARES DE SANTANA, E.M.E.F - SANTOS DUMONT (zona 1)",16,HERTZ DA CONCEICAO DIAS,1,2026,1,0
125,"LETICIA SOARES DE SANTANA, E.M.E.F - SANTOS DUMONT (zona 1)",22,FLAVIO NANTES BOLSONARO,571,2026,1,0
125,"LETICIA SOARES DE SANTANA, E.M.E.F - SANTOS DUMONT (zona 1)",55,RONALDO RAMOS CAIADO,30,2026,1,0
125,"LETICIA SOARES DE SANTANA, E.M.E.F - SANTOS DUMONT (zona 1)",70,AUGUSTO JORGE CURY,65,2026,1,0
125,"LETICIA SOARES DE SANTANA, E.M.E.F - SANTOS DUMONT (zona 1)",95,VOTO BRANCO,35,2026,1,0
125,"LETICIA SOARES DE SANTANA, E.M.E.F - SANTOS DUMONT (zona 1)",96,VOTO NULO,72,2026,1,0
126,LICEU DE ESTUDOS INTEGRADOS - COROA DO MEIO (zona 27),13,LUIZ INÁCIO LULA DA SILVA,423,2026,1,0
126,LICEU DE ESTUDOS INTEGRADOS - COROA DO MEIO (zona 27),14,RENAN ANTONIO FERREIRA DOS SANTOS,30,2026,1,0
126,LICEU DE ESTUDOS INTEGRADOS - COROA DO MEIO (zona 27),16,HERTZ DA CONCEICAO DIAS,1,2026,1,0
126,LICEU DE ESTUDOS INTEGRADOS - COROA DO MEIO (zona 27),22,FLAVIO NANTES BOLSONARO,298,2026,1,0
126,LICEU DE ESTUDOS INTEGRADOS - COROA DO MEIO (zona 27),27,CLARIANA ZACARKIM BARAO,1,2026,1,0
126,LICEU DE ESTUDOS INTEGRADOS - COROA DO MEIO (zona 27),30,ROMEU ZEMA NETO,4,2026,1,0
126,LICEU DE ESTUDOS INTEGRADOS - COROA DO MEIO (zona 27),55,RONALDO RAMOS CAIADO,16,2026,1,0
126,LICEU DE ESTUDOS INTEGRADOS - COROA DO MEIO (zona 27),70,AUGUSTO JORGE CURY,18,2026,1,0
126,LICEU DE ESTUDOS INTEGRADOS - COROA DO MEIO (zona 27),80,SAMARA MARTINS DA SILVA FEITOSA,3,2026,1,0
126,LICEU DE ESTUDOS INTEGRADOS - COROA DO MEIO (zona 27),95,VOTO BRANCO,14,2026,1,0
126,LICEU DE ESTUDOS INTEGRADOS - COROA DO MEIO (zona 27),96,VOTO NULO,17,2026,1,0
127,"LUCIANO CABRAL DUARTE, DOM, ESCOLA ESTADUAL - SAO JOSE (zona 2)",13,LUIZ INÁCIO LULA DA SILVA,547,2026,1,0
127,"LUCIANO CABRAL DUARTE, DOM, ESCOLA ESTADUAL - SAO JOSE (zona 2)",14,RENAN ANTONIO FERREIRA DOS SANTOS,18,2026,1,0
127,"LUCIANO CABRAL DUARTE, DOM, ESCOLA ESTADUAL - SAO JOSE (zona 2)",21,EDMILSON SILVA COSTA,1,2026,1,0
127,"LUCIANO CABRAL DUARTE, DOM, ESCOLA ESTADUAL - SAO JOSE (zona 2)",22,FLAVIO NANTES BOLSONARO,575,2026,1,0
127,"LUCIANO CABRAL DUARTE, DOM, ESCOLA ESTADUAL - SAO JOSE (zona 2)",27,CLARIANA ZACARKIM BARAO,1,2026,1,0
127,"LUCIANO CABRAL DUARTE, DOM, ESCOLA ESTADUAL - SAO JOSE (zona 2)",30,ROMEU ZEMA NETO,1,2026,1,0
127,"LUCIANO CABRAL DUARTE, DOM, ESCOLA ESTADUAL - SAO JOSE (zona 2)",55,RONALDO RAMOS CAIADO,38,2026,1,0
127,"LUCIANO CABRAL DUARTE, DOM, ESCOLA ESTADUAL - SAO JOSE (zona 2)",70,AUGUSTO JORGE CURY,42,2026,1,0
127,"LUCIANO CABRAL DUARTE, DOM, ESCOLA ESTADUAL - SAO JOSE (zona 2)",95,VOTO BRANCO,15,2026,1,0
127,"LUCIANO CABRAL DUARTE, DOM, ESCOLA ESTADUAL - SAO JOSE (zona 2)",96,VOTO NULO,20,2026,1,0
128,"MANOEL BOMFIM, E.M.E.F - BUGIO (zona 1)",13,LUIZ INÁCIO LULA DA SILVA,1341,2026,1,0
128,"MANOEL BOMFIM, E.M.E.F - BUGIO (zona 1)",14,RENAN ANTONIO FERREIRA DOS SANTOS,50,2026,1,0
128,"MANOEL BOMFIM, E.M.E.F - BUGIO (zona 1)",16,HERTZ DA CONCEICAO DIAS,2,2026,1,0
128,"MANOEL BOMFIM, E.M.E.F - BUGIO (zona 1)",22,FLAVIO NANTES BOLSONARO,987,2026,1,0
128,"MANOEL BOMFIM, E.M.E.F - BUGIO (zona 1)",30,ROMEU ZEMA NETO,1,2026,1,0
128,"MANOEL BOMFIM, E.M.E.F - BUGIO (zona 1)",35,WILSON GRASSI JUNIOR,1,2026,1,0
128,"MANOEL BOMFIM, E.M.E.F - BUGIO (zona 1)",55,RONALDO RAMOS CAIADO,61,2026,1,0
128,"MANOEL BOMFIM, E.M.E.F - BUGIO (zona 1)",70,AUGUSTO JORGE CURY,113,2026,1,0
128,"MANOEL BOMFIM, E.M.E.F - BUGIO (zona 1)",80,SAMARA MARTINS DA SILVA FEITOSA,3,2026,1,0
128,"MANOEL BOMFIM, E.M.E.F - BUGIO (zona 1)",95,VOTO BRANCO,49,2026,1,0
128,"MANOEL BOMFIM, E.M.E.F - BUGIO (zona 1)",96,VOTO NULO,136,2026,1,0
129,"MANOEL FRANCO FREIRE, PROF - JABOTIANA (zona 27)",13,LUIZ INÁCIO LULA DA SILVA,1602,2026,1,0
129,"MANOEL FRANCO FREIRE, PROF - JABOTIANA (zona 27)",14,RENAN ANTONIO FERREIRA DOS SANTOS,45,2026,1,0
129,"MANOEL FRANCO FREIRE, PROF - JABOTIANA (zona 27)",21,EDMILSON SILVA COSTA,2,2026,1,0
129,"MANOEL FRANCO FREIRE, PROF - JABOTIANA (zona 27)",22,FLAVIO NANTES BOLSONARO,1094,2026,1,0
129,"MANOEL FRANCO FREIRE, PROF - JABOTIANA (zona 27)",27,CLARIANA ZACARKIM BARAO,1,2026,1,0
129,"MANOEL FRANCO FREIRE, PROF - JABOTIANA (zona 27)",29,RUI COSTA PIMENTA,1,2026,1,0
129,"MANOEL FRANCO FREIRE, PROF - JABOTIANA (zona 27)",30,ROMEU ZEMA NETO,9,2026,1,0
129,"MANOEL FRANCO FREIRE, PROF - JABOTIANA (zona 27)",35,WILSON GRASSI JUNIOR,1,2026,1,0
129,"MANOEL FRANCO FREIRE, PROF - JABOTIANA (zona 27)",55,RONALDO RAMOS CAIADO,88,2026,1,0
129,"MANOEL FRANCO FREIRE, PROF - JABOTIANA (zona 27)",70,AUGUSTO JORGE CURY,101,2026,1,0
129,"MANOEL FRANCO FREIRE, PROF - JABOTIANA (zona 27)",80,SAMARA MARTINS DA SILVA FEITOSA,5,2026,1,0
129,"MANOEL FRANCO FREIRE, PROF - JABOTIANA (zona 27)",95,VOTO BRANCO,35,2026,1,0
129,"MANOEL FRANCO FREIRE, PROF - JABOTIANA (zona 27)",96,VOTO NULO,52,2026,1,0
130,"MAPLE BEAR - UNIDADE FUNDAMENTAL, COLÉGIO - PRAIA 13 DE JULHO (zona 2)",13,LUIZ INÁCIO LULA DA SILVA,244,2026,1,0
130,"MAPLE BEAR - UNIDADE FUNDAMENTAL, COLÉGIO - PRAIA 13 DE JULHO (zona 2)",14,RENAN ANTONIO FERREIRA DOS SANTOS,21,2026,1,0
130,"MAPLE BEAR - UNIDADE FUNDAMENTAL, COLÉGIO - PRAIA 13 DE JULHO (zona 2)",16,HERTZ DA CONCEICAO DIAS,1,2026,1,0
130,"MAPLE BEAR - UNIDADE FUNDAMENTAL, COLÉGIO - PRAIA 13 DE JULHO (zona 2)",22,FLAVIO NANTES BOLSONARO,294,2026,1,0
130,"MAPLE BEAR - UNIDADE FUNDAMENTAL, COLÉGIO - PRAIA 13 DE JULHO (zona 2)",30,ROMEU ZEMA NETO,4,2026,1,0
130,"MAPLE BEAR - UNIDADE FUNDAMENTAL, COLÉGIO - PRAIA 13 DE JULHO (zona 2)",55,RONALDO RAMOS CAIADO,21,2026,1,0
130,"MAPLE BEAR - UNIDADE FUNDAMENTAL, COLÉGIO - PRAIA 13 DE JULHO (zona 2)",70,AUGUSTO JORGE CURY,14,2026,1,0
130,"MAPLE BEAR - UNIDADE FUNDAMENTAL, COLÉGIO - PRAIA 13 DE JULHO (zona 2)",95,VOTO BRANCO,3,2026,1,0
130,"MAPLE BEAR - UNIDADE FUNDAMENTAL, COLÉGIO - PRAIA 13 DE JULHO (zona 2)",96,VOTO NULO,6,2026,1,0
131,"MARIA CARLOTA DE MELO, PROF - POVOADO SAO JOSE (zona 27)",13,LUIZ INÁCIO LULA DA SILVA,512,2026,1,0
131,"MARIA CARLOTA DE MELO, PROF - POVOADO SAO JOSE (zona 27)",14,RENAN ANTONIO FERREIRA DOS SANTOS,7,2026,1,0
131,"MARIA CARLOTA DE MELO, PROF - POVOADO SAO JOSE (zona 27)",22,FLAVIO NANTES BOLSONARO,252,2026,1,0
131,"MARIA CARLOTA DE MELO, PROF - POVOADO SAO JOSE (zona 27)",30,ROMEU ZEMA NETO,3,2026,1,0
131,"MARIA CARLOTA DE MELO, PROF - POVOADO SAO JOSE (zona 27)",55,RONALDO RAMOS CAIADO,15,2026,1,0
131,"MARIA CARLOTA DE MELO, PROF - POVOADO SAO JOSE (zona 27)",70,AUGUSTO JORGE CURY,30,2026,1,0
131,"MARIA CARLOTA DE MELO, PROF - POVOADO SAO JOSE (zona 27)",80,SAMARA MARTINS DA SILVA FEITOSA,1,2026,1,0
131,"MARIA CARLOTA DE MELO, PROF - POVOADO SAO JOSE (zona 27)",95,VOTO BRANCO,16,2026,1,0
131,"MARIA CARLOTA DE MELO, PROF - POVOADO SAO JOSE (zona 27)",96,VOTO NULO,23,2026,1,0
132,"MARIA DAS GRAÇAS A. MELO, CENT. EXC. PROFª(ANT. JOSÉ A. DO NASCIMENTO) - PORTO DANTAS (zona 1)",13,LUIZ INÁCIO LULA DA SILVA,1485,2026,1,0
132,"MARIA DAS GRAÇAS A. MELO, CENT. EXC. PROFª(ANT. JOSÉ A. DO NASCIMENTO) - PORTO DANTAS (zona 1)",14,RENAN ANTONIO FERREIRA DOS SANTOS,40,2026,1,0
132,"MARIA DAS GRAÇAS A. MELO, CENT. EXC. PROFª(ANT. JOSÉ A. DO NASCIMENTO) - PORTO DANTAS (zona 1)",21,EDMILSON SILVA COSTA,1,2026,1,0
132,"MARIA DAS GRAÇAS A. MELO, CENT. EXC. PROFª(ANT. JOSÉ A. DO NASCIMENTO) - PORTO DANTAS (zona 1)",22,FLAVIO NANTES BOLSONARO,871,2026,1,0
132,"MARIA DAS GRAÇAS A. MELO, CENT. EXC. PROFª(ANT. JOSÉ A. DO NASCIMENTO) - PORTO DANTAS (zona 1)",27,CLARIANA ZACARKIM BARAO,3,2026,1,0
132,"MARIA DAS GRAÇAS A. MELO, CENT. EXC. PROFª(ANT. JOSÉ A. DO NASCIMENTO) - PORTO DANTAS (zona 1)",30,ROMEU ZEMA NETO,2,2026,1,0
132,"MARIA DAS GRAÇAS A. MELO, CENT. EXC. PROFª(ANT. JOSÉ A. DO NASCIMENTO) - PORTO DANTAS (zona 1)",55,RONALDO RAMOS CAIADO,58,2026,1,0
132,"MARIA DAS GRAÇAS A. MELO, CENT. EXC. PROFª(ANT. JOSÉ A. DO NASCIMENTO) - PORTO DANTAS (zona 1)",70,AUGUSTO JORGE CURY,88,2026,1,0
132,"MARIA DAS GRAÇAS A. MELO, CENT. EXC. PROFª(ANT. JOSÉ A. DO NASCIMENTO) - PORTO DANTAS (zona 1)",80,SAMARA MARTINS DA SILVA FEITOSA,11,2026,1,0
132,"MARIA DAS GRAÇAS A. MELO, CENT. EXC. PROFª(ANT. JOSÉ A. DO NASCIMENTO) - PORTO DANTAS (zona 1)",95,VOTO BRANCO,80,2026,1,0
132,"MARIA DAS GRAÇAS A. MELO, CENT. EXC. PROFª(ANT. JOSÉ A. DO NASCIMENTO) - PORTO DANTAS (zona 1)",96,VOTO NULO,100,2026,1,0
133,"MARIA IVANDA DE C. NASCIMENTO, CENTRO DE EXC. PROFª(ANT.MARCOS MACIEL) - DEZOITO DO FORTE (zona 1)",13,LUIZ INÁCIO LULA DA SILVA,2151,2026,1,0
133,"MARIA IVANDA DE C. NASCIMENTO, CENTRO DE EXC. PROFª(ANT.MARCOS MACIEL) - DEZOITO DO FORTE (zona 1)",14,RENAN ANTONIO FERREIRA DOS SANTOS,67,2026,1,0
133,"MARIA IVANDA DE C. NASCIMENTO, CENTRO DE EXC. PROFª(ANT.MARCOS MACIEL) - DEZOITO DO FORTE (zona 1)",16,HERTZ DA CONCEICAO DIAS,3,2026,1,0
133,"MARIA IVANDA DE C. NASCIMENTO, CENTRO DE EXC. PROFª(ANT.MARCOS MACIEL) - DEZOITO DO FORTE (zona 1)",22,FLAVIO NANTES BOLSONARO,1427,2026,1,0
133,"MARIA IVANDA DE C. NASCIMENTO, CENTRO DE EXC. PROFª(ANT.MARCOS MACIEL) - DEZOITO DO FORTE (zona 1)",27,CLARIANA ZACARKIM BARAO,1,2026,1,0
133,"MARIA IVANDA DE C. NASCIMENTO, CENTRO DE EXC. PROFª(ANT.MARCOS MACIEL) - DEZOITO DO FORTE (zona 1)",30,ROMEU ZEMA NETO,3,2026,1,0
133,"MARIA IVANDA DE C. NASCIMENTO, CENTRO DE EXC. PROFª(ANT.MARCOS MACIEL) - DEZOITO DO FORTE (zona 1)",35,WILSON GRASSI JUNIOR,2,2026,1,0
133,"MARIA IVANDA DE C. NASCIMENTO, CENTRO DE EXC. PROFª(ANT.MARCOS MACIEL) - DEZOITO DO FORTE (zona 1)",55,RONALDO RAMOS CAIADO,86,2026,1,0
133,"MARIA IVANDA DE C. NASCIMENTO, CENTRO DE EXC. PROFª(ANT.MARCOS MACIEL) - DEZOITO DO FORTE (zona 1)",70,AUGUSTO JORGE CURY,166,2026,1,0
133,"MARIA IVANDA DE C. NASCIMENTO, CENTRO DE EXC. PROFª(ANT.MARCOS MACIEL) - DEZOITO DO FORTE (zona 1)",80,SAMARA MARTINS DA SILVA FEITOSA,11,2026,1,0
133,"MARIA IVANDA DE C. NASCIMENTO, CENTRO DE EXC. PROFª(ANT.MARCOS MACIEL) - DEZOITO DO FORTE (zona 1)",95,VOTO BRANCO,84,2026,1,0
133,"MARIA IVANDA DE C. NASCIMENTO, CENTRO DE EXC. PROFª(ANT.MARCOS MACIEL) - DEZOITO DO FORTE (zona 1)",96,VOTO NULO,155,2026,1,0
134,"MARIA MÁRCIA DE O. MORAES, ESC. EST.(ANT.LUCILA) - BUGIO (zona 1)",13,LUIZ INÁCIO LULA DA SILVA,1688,2026,1,0
134,"MARIA MÁRCIA DE O. MORAES, ESC. EST.(ANT.LUCILA) - BUGIO (zona 1)",14,RENAN ANTONIO FERREIRA DOS SANTOS,71,2026,1,0
134,"MARIA MÁRCIA DE O. MORAES, ESC. EST.(ANT.LUCILA) - BUGIO (zona 1)",16,HERTZ DA CONCEICAO DIAS,1,2026,1,0
134,"MARIA MÁRCIA DE O. MORAES, ESC. EST.(ANT.LUCILA) - BUGIO (zona 1)",21,EDMILSON SILVA COSTA,1,2026,1,0
134,"MARIA MÁRCIA DE O. MORAES, ESC. EST.(ANT.LUCILA) - BUGIO (zona 1)",22,FLAVIO NANTES BOLSONARO,1080,2026,1,0
134,"MARIA MÁRCIA DE O. MORAES, ESC. EST.(ANT.LUCILA) - BUGIO (zona 1)",27,CLARIANA ZACARKIM BARAO,1,2026,1,0
134,"MARIA MÁRCIA DE O. MORAES, ESC. EST.(ANT.LUCILA) - BUGIO (zona 1)",30,ROMEU ZEMA NETO,1,2026,1,0
134,"MARIA MÁRCIA DE O. MORAES, ESC. EST.(ANT.LUCILA) - BUGIO (zona 1)",35,WILSON GRASSI JUNIOR,1,2026,1,0
134,"MARIA MÁRCIA DE O. MORAES, ESC. EST.(ANT.LUCILA) - BUGIO (zona 1)",55,RONALDO RAMOS CAIADO,58,2026,1,0
134,"MARIA MÁRCIA DE O. MORAES, ESC. EST.(ANT.LUCILA) - BUGIO (zona 1)",70,AUGUSTO JORGE CURY,93,2026,1,0
134,"MARIA MÁRCIA DE O. MORAES, ESC. EST.(ANT.LUCILA) - BUGIO (zona 1)",80,SAMARA MARTINS DA SILVA FEITOSA,2,2026,1,0
134,"MARIA MÁRCIA DE O. MORAES, ESC. EST.(ANT.LUCILA) - BUGIO (zona 1)",95,VOTO BRANCO,60,2026,1,0
134,"MARIA MÁRCIA DE O. MORAES, ESC. EST.(ANT.LUCILA) - BUGIO (zona 1)",96,VOTO NULO,128,2026,1,0
135,"MARIA THETIS NUNES, PROFA, EMEF - AMERICA (zona 2)",13,LUIZ INÁCIO LULA DA SILVA,1289,2026,1,0
135,"MARIA THETIS NUNES, PROFA, EMEF - AMERICA (zona 2)",14,RENAN ANTONIO FERREIRA DOS SANTOS,45,2026,1,0
135,"MARIA THETIS NUNES, PROFA, EMEF - AMERICA (zona 2)",21,EDMILSON SILVA COSTA,1,2026,1,0
135,"MARIA THETIS NUNES, PROFA, EMEF - AMERICA (zona 2)",22,FLAVIO NANTES BOLSONARO,685,2026,1,0
135,"MARIA THETIS NUNES, PROFA, EMEF - AMERICA (zona 2)",29,RUI COSTA PIMENTA,1,2026,1,0
135,"MARIA THETIS NUNES, PROFA, EMEF - AMERICA (zona 2)",30,ROMEU ZEMA NETO,1,2026,1,0
135,"MARIA THETIS NUNES, PROFA, EMEF - AMERICA (zona 2)",55,RONALDO RAMOS CAIADO,54,2026,1,0
135,"MARIA THETIS NUNES, PROFA, EMEF - AMERICA (zona 2)",70,AUGUSTO JORGE CURY,87,2026,1,0
135,"MARIA THETIS NUNES, PROFA, EMEF - AMERICA (zona 2)",80,SAMARA MARTINS DA SILVA FEITOSA,1,2026,1,0
135,"MARIA THETIS NUNES, PROFA, EMEF - AMERICA (zona 2)",95,VOTO BRANCO,66,2026,1,0
135,"MARIA THETIS NUNES, PROFA, EMEF - AMERICA (zona 2)",96,VOTO NULO,70,2026,1,0
136,"MASTER - UNIDADE INFANTIL, COLÉGIO - JARDINS (zona 2)",13,LUIZ INÁCIO LULA DA SILVA,547,2026,1,0
136,"MASTER - UNIDADE INFANTIL, COLÉGIO - JARDINS (zona 2)",14,RENAN ANTONIO FERREIRA DOS SANTOS,40,2026,1,0
136,"MASTER - UNIDADE INFANTIL, COLÉGIO - JARDINS (zona 2)",22,FLAVIO NANTES BOLSONARO,513,2026,1,0
136,"MASTER - UNIDADE INFANTIL, COLÉGIO - JARDINS (zona 2)",27,CLARIANA ZACARKIM BARAO,1,2026,1,0
136,"MASTER - UNIDADE INFANTIL, COLÉGIO - JARDINS (zona 2)",30,ROMEU ZEMA NETO,6,2026,1,0
136,"MASTER - UNIDADE INFANTIL, COLÉGIO - JARDINS (zona 2)",55,RONALDO RAMOS CAIADO,36,2026,1,0
136,"MASTER - UNIDADE INFANTIL, COLÉGIO - JARDINS (zona 2)",70,AUGUSTO JORGE CURY,41,2026,1,0
136,"MASTER - UNIDADE INFANTIL, COLÉGIO - JARDINS (zona 2)",95,VOTO BRANCO,11,2026,1,0
136,"MASTER - UNIDADE INFANTIL, COLÉGIO - JARDINS (zona 2)",96,VOTO NULO,17,2026,1,0
137,"MASTER, COLÉGIO - JARDINS (zona 2)",13,LUIZ INÁCIO LULA DA SILVA,622,2026,1,0
137,"MASTER, COLÉGIO - JARDINS (zona 2)",14,RENAN ANTONIO FERREIRA DOS SANTOS,34,2026,1,0
137,"MASTER, COLÉGIO - JARDINS (zona 2)",16,HERTZ DA CONCEICAO DIAS,1,2026,1,0
137,"MASTER, COLÉGIO - JARDINS (zona 2)",21,EDMILSON SILVA COSTA,1,2026,1,0
137,"MASTER, COLÉGIO - JARDINS (zona 2)",22,FLAVIO NANTES BOLSONARO,806,2026,1,0
137,"MASTER, COLÉGIO - JARDINS (zona 2)",29,RUI COSTA PIMENTA,1,2026,1,0
137,"MASTER, COLÉGIO - JARDINS (zona 2)",30,ROMEU ZEMA NETO,8,2026,1,0
137,"MASTER, COLÉGIO - JARDINS (zona 2)",55,RONALDO RAMOS CAIADO,47,2026,1,0
137,"MASTER, COLÉGIO - JARDINS (zona 2)",70,AUGUSTO JORGE CURY,51,2026,1,0
137,"MASTER, COLÉGIO - JARDINS (zona 2)",95,VOTO BRANCO,7,2026,1,0
137,"MASTER, COLÉGIO - JARDINS (zona 2)",96,VOTO NULO,22,2026,1,0
138,"MESTRE EUCLIDES, ESCOLA ESTADUAL - AMERICA (zona 2)",13,LUIZ INÁCIO LULA DA SILVA,327,2026,1,0
138,"MESTRE EUCLIDES, ESCOLA ESTADUAL - AMERICA (zona 2)",14,RENAN ANTONIO FERREIRA DOS SANTOS,11,2026,1,0
138,"MESTRE EUCLIDES, ESCOLA ESTADUAL - AMERICA (zona 2)",22,FLAVIO NANTES BOLSONARO,202,2026,1,0
138,"MESTRE EUCLIDES, ESCOLA ESTADUAL - AMERICA (zona 2)",55,RONALDO RAMOS CAIADO,10,2026,1,0
138,"MESTRE EUCLIDES, ESCOLA ESTADUAL - AMERICA (zona 2)",70,AUGUSTO JORGE CURY,35,2026,1,0
138,"MESTRE EUCLIDES, ESCOLA ESTADUAL - AMERICA (zona 2)",95,VOTO BRANCO,14,2026,1,0
138,"MESTRE EUCLIDES, ESCOLA ESTADUAL - AMERICA (zona 2)",96,VOTO NULO,28,2026,1,0
139,"MONSENHOR JOÃO MOREIRA LIMA, EMEI - LAMARAO (zona 1)",13,LUIZ INÁCIO LULA DA SILVA,600,2026,1,0
139,"MONSENHOR JOÃO MOREIRA LIMA, EMEI - LAMARAO (zona 1)",14,RENAN ANTONIO FERREIRA DOS SANTOS,44,2026,1,0
139,"MONSENHOR JOÃO MOREIRA LIMA, EMEI - LAMARAO (zona 1)",22,FLAVIO NANTES BOLSONARO,270,2026,1,0
139,"MONSENHOR JOÃO MOREIRA LIMA, EMEI - LAMARAO (zona 1)",30,ROMEU ZEMA NETO,3,2026,1,0
139,"MONSENHOR JOÃO MOREIRA LIMA, EMEI - LAMARAO (zona 1)",55,RONALDO RAMOS CAIADO,15,2026,1,0
139,"MONSENHOR JOÃO MOREIRA LIMA, EMEI - LAMARAO (zona 1)",70,AUGUSTO JORGE CURY,58,2026,1,0
139,"MONSENHOR JOÃO MOREIRA LIMA, EMEI - LAMARAO (zona 1)",80,SAMARA MARTINS DA SILVA FEITOSA,4,2026,1,0
139,"MONSENHOR JOÃO MOREIRA LIMA, EMEI - LAMARAO (zona 1)",95,VOTO BRANCO,28,2026,1,0
139,"MONSENHOR JOÃO MOREIRA LIMA, EMEI - LAMARAO (zona 1)",96,VOTO NULO,33,2026,1,0
140,"MONTEIRO LOBATO,  ESCOLA ESTADUAL - INACIO BARBOSA (zona 2)",13,LUIZ INÁCIO LULA DA SILVA,708,2026,1,0
140,"MONTEIRO LOBATO,  ESCOLA ESTADUAL - INACIO BARBOSA (zona 2)",14,RENAN ANTONIO FERREIRA DOS SANTOS,18,2026,1,0
140,"MONTEIRO LOBATO,  ESCOLA ESTADUAL - INACIO BARBOSA (zona 2)",22,FLAVIO NANTES BOLSONARO,531,2026,1,0
140,"MONTEIRO LOBATO,  ESCOLA ESTADUAL - INACIO BARBOSA (zona 2)",27,CLARIANA ZACARKIM BARAO,1,2026,1,0
140,"MONTEIRO LOBATO,  ESCOLA ESTADUAL - INACIO BARBOSA (zona 2)",30,ROMEU ZEMA NETO,4,2026,1,0
140,"MONTEIRO LOBATO,  ESCOLA ESTADUAL - INACIO BARBOSA (zona 2)",55,RONALDO RAMOS CAIADO,29,2026,1,0
140,"MONTEIRO LOBATO,  ESCOLA ESTADUAL - INACIO BARBOSA (zona 2)",70,AUGUSTO JORGE CURY,42,2026,1,0
140,"MONTEIRO LOBATO,  ESCOLA ESTADUAL - INACIO BARBOSA (zona 2)",80,SAMARA MARTINS DA SILVA FEITOSA,2,2026,1,0
140,"MONTEIRO LOBATO,  ESCOLA ESTADUAL - INACIO BARBOSA (zona 2)",95,VOTO BRANCO,11,2026,1,0
140,"MONTEIRO LOBATO,  ESCOLA ESTADUAL - INACIO BARBOSA (zona 2)",96,VOTO NULO,19,2026,1,0
141,"MÓDULO, COLÉGIO - INACIO BARBOSA (zona 2)",13,LUIZ INÁCIO LULA DA SILVA,1306,2026,1,0
141,"MÓDULO, COLÉGIO - INACIO BARBOSA (zona 2)",14,RENAN ANTONIO FERREIRA DOS SANTOS,83,2026,1,0
141,"MÓDULO, COLÉGIO - INACIO BARBOSA (zona 2)",16,HERTZ DA CONCEICAO DIAS,1,2026,1,0
141,"MÓDULO, COLÉGIO - INACIO BARBOSA (zona 2)",22,FLAVIO NANTES BOLSONARO,873,2026,1,0
141,"MÓDULO, COLÉGIO - INACIO BARBOSA (zona 2)",27,CLARIANA ZACARKIM BARAO,1,2026,1,0
141,"MÓDULO, COLÉGIO - INACIO BARBOSA (zona 2)",30,ROMEU ZEMA NETO,3,2026,1,0
141,"MÓDULO, COLÉGIO - INACIO BARBOSA (zona 2)",35,WILSON GRASSI JUNIOR,1,2026,1,0
141,"MÓDULO, COLÉGIO - INACIO BARBOSA (zona 2)",55,RONALDO RAMOS CAIADO,61,2026,1,0
141,"MÓDULO, COLÉGIO - INACIO BARBOSA (zona 2)",70,AUGUSTO JORGE CURY,94,2026,1,0
141,"MÓDULO, COLÉGIO - INACIO BARBOSA (zona 2)",80,SAMARA MARTINS DA SILVA FEITOSA,1,2026,1,0
141,"MÓDULO, COLÉGIO - INACIO BARBOSA (zona 2)",95,VOTO BRANCO,27,2026,1,0
141,"MÓDULO, COLÉGIO - INACIO BARBOSA (zona 2)",96,VOTO NULO,58,2026,1,0
142,"NELSON MANDELA, ESCOLA ESTADUAL - LUZIA (zona 2)",13,LUIZ INÁCIO LULA DA SILVA,1739,2026,1,0
142,"NELSON MANDELA, ESCOLA ESTADUAL - LUZIA (zona 2)",14,RENAN ANTONIO FERREIRA DOS SANTOS,86,2026,1,0
142,"NELSON MANDELA, ESCOLA ESTADUAL - LUZIA (zona 2)",16,HERTZ DA CONCEICAO DIAS,1,2026,1,0
142,"NELSON MANDELA, ESCOLA ESTADUAL - LUZIA (zona 2)",21,EDMILSON SILVA COSTA,2,2026,1,0
142,"NELSON MANDELA, ESCOLA ESTADUAL - LUZIA (zona 2)",22,FLAVIO NANTES BOLSONARO,1361,2026,1,0
142,"NELSON MANDELA, ESCOLA ESTADUAL - LUZIA (zona 2)",27,CLARIANA ZACARKIM BARAO,3,2026,1,0
142,"NELSON MANDELA, ESCOLA ESTADUAL - LUZIA (zona 2)",30,ROMEU ZEMA NETO,10,2026,1,0
142,"NELSON MANDELA, ESCOLA ESTADUAL - LUZIA (zona 2)",35,WILSON GRASSI JUNIOR,1,2026,1,0
142,"NELSON MANDELA, ESCOLA ESTADUAL - LUZIA (zona 2)",55,RONALDO RAMOS CAIADO,82,2026,1,0
142,"NELSON MANDELA, ESCOLA ESTADUAL - LUZIA (zona 2)",70,AUGUSTO JORGE CURY,107,2026,1,0
142,"NELSON MANDELA, ESCOLA ESTADUAL - LUZIA (zona 2)",80,SAMARA MARTINS DA SILVA FEITOSA,4,2026,1,0
142,"NELSON MANDELA, ESCOLA ESTADUAL - LUZIA (zona 2)",95,VOTO BRANCO,36,2026,1,0
142,"NELSON MANDELA, ESCOLA ESTADUAL - LUZIA (zona 2)",96,VOTO NULO,86,2026,1,0
143,"NEUZICE BARRETO, EMEI PROFª - GETULIO VARGAS (zona 2)",13,LUIZ INÁCIO LULA DA SILVA,427,2026,1,0
143,"NEUZICE BARRETO, EMEI PROFª - GETULIO VARGAS (zona 2)",14,RENAN ANTONIO FERREIRA DOS SANTOS,14,2026,1,0
143,"NEUZICE BARRETO, EMEI PROFª - GETULIO VARGAS (zona 2)",22,FLAVIO NANTES BOLSONARO,313,2026,1,0
143,"NEUZICE BARRETO, EMEI PROFª - GETULIO VARGAS (zona 2)",30,ROMEU ZEMA NETO,1,2026,1,0
143,"NEUZICE BARRETO, EMEI PROFª - GETULIO VARGAS (zona 2)",55,RONALDO RAMOS CAIADO,18,2026,1,0
143,"NEUZICE BARRETO, EMEI PROFª - GETULIO VARGAS (zona 2)",70,AUGUSTO JORGE CURY,20,2026,1,0
143,"NEUZICE BARRETO, EMEI PROFª - GETULIO VARGAS (zona 2)",80,SAMARA MARTINS DA SILVA FEITOSA,2,2026,1,0
143,"NEUZICE BARRETO, EMEI PROFª - GETULIO VARGAS (zona 2)",95,VOTO BRANCO,19,2026,1,0
143,"NEUZICE BARRETO, EMEI PROFª - GETULIO VARGAS (zona 2)",96,VOTO NULO,22,2026,1,0
144,"OFENISIA SOARES FREIRE, PROFA - FAROLANDIA (zona 27)",13,LUIZ INÁCIO LULA DA SILVA,2041,2026,1,0
144,"OFENISIA SOARES FREIRE, PROFA - FAROLANDIA (zona 27)",14,RENAN ANTONIO FERREIRA DOS SANTOS,33,2026,1,0
144,"OFENISIA SOARES FREIRE, PROFA - FAROLANDIA (zona 27)",16,HERTZ DA CONCEICAO DIAS,3,2026,1,0
144,"OFENISIA SOARES FREIRE, PROFA - FAROLANDIA (zona 27)",22,FLAVIO NANTES BOLSONARO,1437,2026,1,0
144,"OFENISIA SOARES FREIRE, PROFA - FAROLANDIA (zona 27)",30,ROMEU ZEMA NETO,1,2026,1,0
144,"OFENISIA SOARES FREIRE, PROFA - FAROLANDIA (zona 27)",55,RONALDO RAMOS CAIADO,82,2026,1,0
144,"OFENISIA SOARES FREIRE, PROFA - FAROLANDIA (zona 27)",70,AUGUSTO JORGE CURY,136,2026,1,0
144,"OFENISIA SOARES FREIRE, PROFA - FAROLANDIA (zona 27)",80,SAMARA MARTINS DA SILVA FEITOSA,4,2026,1,0
144,"OFENISIA SOARES FREIRE, PROFA - FAROLANDIA (zona 27)",95,VOTO BRANCO,45,2026,1,0
144,"OFENISIA SOARES FREIRE, PROFA - FAROLANDIA (zona 27)",96,VOTO NULO,113,2026,1,0
145,"OLAVO BILAC, ESC. ESTADUAL - SANTOS DUMONT (zona 1)",13,LUIZ INÁCIO LULA DA SILVA,1841,2026,1,0
145,"OLAVO BILAC, ESC. ESTADUAL - SANTOS DUMONT (zona 1)",14,RENAN ANTONIO FERREIRA DOS SANTOS,77,2026,1,0
145,"OLAVO BILAC, ESC. ESTADUAL - SANTOS DUMONT (zona 1)",16,HERTZ DA CONCEICAO DIAS,1,2026,1,0
145,"OLAVO BILAC, ESC. ESTADUAL - SANTOS DUMONT (zona 1)",22,FLAVIO NANTES BOLSONARO,1283,2026,1,0
145,"OLAVO BILAC, ESC. ESTADUAL - SANTOS DUMONT (zona 1)",27,CLARIANA ZACARKIM BARAO,4,2026,1,0
145,"OLAVO BILAC, ESC. ESTADUAL - SANTOS DUMONT (zona 1)",30,ROMEU ZEMA NETO,2,2026,1,0
145,"OLAVO BILAC, ESC. ESTADUAL - SANTOS DUMONT (zona 1)",35,WILSON GRASSI JUNIOR,3,2026,1,0
145,"OLAVO BILAC, ESC. ESTADUAL - SANTOS DUMONT (zona 1)",55,RONALDO RAMOS CAIADO,74,2026,1,0
145,"OLAVO BILAC, ESC. ESTADUAL - SANTOS DUMONT (zona 1)",70,AUGUSTO JORGE CURY,107,2026,1,0
145,"OLAVO BILAC, ESC. ESTADUAL - SANTOS DUMONT (zona 1)",80,SAMARA MARTINS DA SILVA FEITOSA,5,2026,1,0
145,"OLAVO BILAC, ESC. ESTADUAL - SANTOS DUMONT (zona 1)",95,VOTO BRANCO,75,2026,1,0
145,"OLAVO BILAC, ESC. ESTADUAL - SANTOS DUMONT (zona 1)",96,VOTO NULO,118,2026,1,0
146,"OLGA BENARIO, ESC. MUNICIPAL - SANTOS DUMONT (zona 1)",13,LUIZ INÁCIO LULA DA SILVA,1293,2026,1,0
146,"OLGA BENARIO, ESC. MUNICIPAL - SANTOS DUMONT (zona 1)",14,RENAN ANTONIO FERREIRA DOS SANTOS,40,2026,1,0
146,"OLGA BENARIO, ESC. MUNICIPAL - SANTOS DUMONT (zona 1)",22,FLAVIO NANTES BOLSONARO,1002,2026,1,0
146,"OLGA BENARIO, ESC. MUNICIPAL - SANTOS DUMONT (zona 1)",27,CLARIANA ZACARKIM BARAO,2,2026,1,0
146,"OLGA BENARIO, ESC. MUNICIPAL - SANTOS DUMONT (zona 1)",28,LEONARDO ALVES DE ARAUJO,1,2026,1,0
146,"OLGA BENARIO, ESC. MUNICIPAL - SANTOS DUMONT (zona 1)",29,RUI COSTA PIMENTA,1,2026,1,0
146,"OLGA BENARIO, ESC. MUNICIPAL - SANTOS DUMONT (zona 1)",30,ROMEU ZEMA NETO,1,2026,1,0
146,"OLGA BENARIO, ESC. MUNICIPAL - SANTOS DUMONT (zona 1)",55,RONALDO RAMOS CAIADO,58,2026,1,0
146,"OLGA BENARIO, ESC. MUNICIPAL - SANTOS DUMONT (zona 1)",70,AUGUSTO JORGE CURY,105,2026,1,0
146,"OLGA BENARIO, ESC. MUNICIPAL - SANTOS DUMONT (zona 1)",80,SAMARA MARTINS DA SILVA FEITOSA,6,2026,1,0
146,"OLGA BENARIO, ESC. MUNICIPAL - SANTOS DUMONT (zona 1)",95,VOTO BRANCO,63,2026,1,0
146,"OLGA BENARIO, ESC. MUNICIPAL - SANTOS DUMONT (zona 1)",96,VOTO NULO,76,2026,1,0
147,"OLIMPIA BITTENCOURT, ESC. EST. - SANTOS DUMONT (zona 1)",13,LUIZ INÁCIO LULA DA SILVA,1554,2026,1,0
147,"OLIMPIA BITTENCOURT, ESC. EST. - SANTOS DUMONT (zona 1)",14,RENAN ANTONIO FERREIRA DOS SANTOS,56,2026,1,0
147,"OLIMPIA BITTENCOURT, ESC. EST. - SANTOS DUMONT (zona 1)",16,HERTZ DA CONCEICAO DIAS,3,2026,1,0
147,"OLIMPIA BITTENCOURT, ESC. EST. - SANTOS DUMONT (zona 1)",21,EDMILSON SILVA COSTA,1,2026,1,0
147,"OLIMPIA BITTENCOURT, ESC. EST. - SANTOS DUMONT (zona 1)",22,FLAVIO NANTES BOLSONARO,1007,2026,1,0
147,"OLIMPIA BITTENCOURT, ESC. EST. - SANTOS DUMONT (zona 1)",30,ROMEU ZEMA NETO,4,2026,1,0
147,"OLIMPIA BITTENCOURT, ESC. EST. - SANTOS DUMONT (zona 1)",55,RONALDO RAMOS CAIADO,73,2026,1,0
147,"OLIMPIA BITTENCOURT, ESC. EST. - SANTOS DUMONT (zona 1)",70,AUGUSTO JORGE CURY,108,2026,1,0
147,"OLIMPIA BITTENCOURT, ESC. EST. - SANTOS DUMONT (zona 1)",80,SAMARA MARTINS DA SILVA FEITOSA,4,2026,1,0
147,"OLIMPIA BITTENCOURT, ESC. EST. - SANTOS DUMONT (zona 1)",95,VOTO BRANCO,55,2026,1,0
147,"OLIMPIA BITTENCOURT, ESC. EST. - SANTOS DUMONT (zona 1)",96,VOTO NULO,141,2026,1,0
148,ORATÓRIO FESTIVO SÃO JOÃO BOSCO - ORATÓRIO DE BEBÉ - SUISSA (zona 2),13,LUIZ INÁCIO LULA DA SILVA,976,2026,1,0
148,ORATÓRIO FESTIVO SÃO JOÃO BOSCO - ORATÓRIO DE BEBÉ - SUISSA (zona 2),14,RENAN ANTONIO FERREIRA DOS SANTOS,37,2026,1,0
148,ORATÓRIO FESTIVO SÃO JOÃO BOSCO - ORATÓRIO DE BEBÉ - SUISSA (zona 2),16,HERTZ DA CONCEICAO DIAS,2,2026,1,0
148,ORATÓRIO FESTIVO SÃO JOÃO BOSCO - ORATÓRIO DE BEBÉ - SUISSA (zona 2),22,FLAVIO NANTES BOLSONARO,626,2026,1,0
148,ORATÓRIO FESTIVO SÃO JOÃO BOSCO - ORATÓRIO DE BEBÉ - SUISSA (zona 2),27,CLARIANA ZACARKIM BARAO,2,2026,1,0
148,ORATÓRIO FESTIVO SÃO JOÃO BOSCO - ORATÓRIO DE BEBÉ - SUISSA (zona 2),29,RUI COSTA PIMENTA,1,2026,1,0
148,ORATÓRIO FESTIVO SÃO JOÃO BOSCO - ORATÓRIO DE BEBÉ - SUISSA (zona 2),30,ROMEU ZEMA NETO,2,2026,1,0
148,ORATÓRIO FESTIVO SÃO JOÃO BOSCO - ORATÓRIO DE BEBÉ - SUISSA (zona 2),55,RONALDO RAMOS CAIADO,42,2026,1,0
148,ORATÓRIO FESTIVO SÃO JOÃO BOSCO - ORATÓRIO DE BEBÉ - SUISSA (zona 2),70,AUGUSTO JORGE CURY,56,2026,1,0
148,ORATÓRIO FESTIVO SÃO JOÃO BOSCO - ORATÓRIO DE BEBÉ - SUISSA (zona 2),80,SAMARA MARTINS DA SILVA FEITOSA,3,2026,1,0
148,ORATÓRIO FESTIVO SÃO JOÃO BOSCO - ORATÓRIO DE BEBÉ - SUISSA (zona 2),95,VOTO BRANCO,28,2026,1,0
148,ORATÓRIO FESTIVO SÃO JOÃO BOSCO - ORATÓRIO DE BEBÉ - SUISSA (zona 2),96,VOTO NULO,39,2026,1,0
149,"ORLANDO DANTAS, JORNALISTA, EMEF - OLARIA (zona 1)",13,LUIZ INÁCIO LULA DA SILVA,1144,2026,1,0
149,"ORLANDO DANTAS, JORNALISTA, EMEF - OLARIA (zona 1)",14,RENAN ANTONIO FERREIRA DOS SANTOS,41,2026,1,0
149,"ORLANDO DANTAS, JORNALISTA, EMEF - OLARIA (zona 1)",21,EDMILSON SILVA COSTA,1,2026,1,0
149,"ORLANDO DANTAS, JORNALISTA, EMEF - OLARIA (zona 1)",22,FLAVIO NANTES BOLSONARO,680,2026,1,0
149,"ORLANDO DANTAS, JORNALISTA, EMEF - OLARIA (zona 1)",30,ROMEU ZEMA NETO,2,2026,1,0
149,"ORLANDO DANTAS, JORNALISTA, EMEF - OLARIA (zona 1)",35,WILSON GRASSI JUNIOR,1,2026,1,0
149,"ORLANDO DANTAS, JORNALISTA, EMEF - OLARIA (zona 1)",55,RONALDO RAMOS CAIADO,39,2026,1,0
149,"ORLANDO DANTAS, JORNALISTA, EMEF - OLARIA (zona 1)",70,AUGUSTO JORGE CURY,79,2026,1,0
149,"ORLANDO DANTAS, JORNALISTA, EMEF - OLARIA (zona 1)",80,SAMARA MARTINS DA SILVA FEITOSA,3,2026,1,0
149,"ORLANDO DANTAS, JORNALISTA, EMEF - OLARIA (zona 1)",95,VOTO BRANCO,35,2026,1,0
149,"ORLANDO DANTAS, JORNALISTA, EMEF - OLARIA (zona 1)",96,VOTO NULO,83,2026,1,0
150,"OVIEDO TEIXEIRA, EMEF - OLARIA (zona 1)",13,LUIZ INÁCIO LULA DA SILVA,2258,2026,1,0
150,"OVIEDO TEIXEIRA, EMEF - OLARIA (zona 1)",14,RENAN ANTONIO FERREIRA DOS SANTOS,93,2026,1,0
150,"OVIEDO TEIXEIRA, EMEF - OLARIA (zona 1)",16,HERTZ DA CONCEICAO DIAS,1,2026,1,0
150,"OVIEDO TEIXEIRA, EMEF - OLARIA (zona 1)",21,EDMILSON SILVA COSTA,1,2026,1,0
150,"OVIEDO TEIXEIRA, EMEF - OLARIA (zona 1)",22,FLAVIO NANTES BOLSONARO,1297,2026,1,0
150,"OVIEDO TEIXEIRA, EMEF - OLARIA (zona 1)",28,LEONARDO ALVES DE ARAUJO,1,2026,1,0
150,"OVIEDO TEIXEIRA, EMEF - OLARIA (zona 1)",30,ROMEU ZEMA NETO,4,2026,1,0
150,"OVIEDO TEIXEIRA, EMEF - OLARIA (zona 1)",35,WILSON GRASSI JUNIOR,1,2026,1,0
150,"OVIEDO TEIXEIRA, EMEF - OLARIA (zona 1)",55,RONALDO RAMOS CAIADO,99,2026,1,0
150,"OVIEDO TEIXEIRA, EMEF - OLARIA (zona 1)",70,AUGUSTO JORGE CURY,140,2026,1,0
150,"OVIEDO TEIXEIRA, EMEF - OLARIA (zona 1)",80,SAMARA MARTINS DA SILVA FEITOSA,1,2026,1,0
150,"OVIEDO TEIXEIRA, EMEF - OLARIA (zona 1)",95,VOTO BRANCO,85,2026,1,0
150,"OVIEDO TEIXEIRA, EMEF - OLARIA (zona 1)",96,VOTO NULO,174,2026,1,0
151,"PAULO COSTA, ESC. EST. JORNALISTA - JARDIM CENTENARIO (zona 1)",13,LUIZ INÁCIO LULA DA SILVA,2083,2026,1,0
151,"PAULO COSTA, ESC. EST. JORNALISTA - JARDIM CENTENARIO (zona 1)",14,RENAN ANTONIO FERREIRA DOS SANTOS,66,2026,1,0
151,"PAULO COSTA, ESC. EST. JORNALISTA - JARDIM CENTENARIO (zona 1)",16,HERTZ DA CONCEICAO DIAS,2,2026,1,0
151,"PAULO COSTA, ESC. EST. JORNALISTA - JARDIM CENTENARIO (zona 1)",21,EDMILSON SILVA COSTA,2,2026,1,0
151,"PAULO COSTA, ESC. EST. JORNALISTA - JARDIM CENTENARIO (zona 1)",22,FLAVIO NANTES BOLSONARO,1409,2026,1,0
151,"PAULO COSTA, ESC. EST. JORNALISTA - JARDIM CENTENARIO (zona 1)",27,CLARIANA ZACARKIM BARAO,2,2026,1,0
151,"PAULO COSTA, ESC. EST. JORNALISTA - JARDIM CENTENARIO (zona 1)",30,ROMEU ZEMA NETO,4,2026,1,0
151,"PAULO COSTA, ESC. EST. JORNALISTA - JARDIM CENTENARIO (zona 1)",55,RONALDO RAMOS CAIADO,83,2026,1,0
151,"PAULO COSTA, ESC. EST. JORNALISTA - JARDIM CENTENARIO (zona 1)",70,AUGUSTO JORGE CURY,148,2026,1,0
151,"PAULO COSTA, ESC. EST. JORNALISTA - JARDIM CENTENARIO (zona 1)",80,SAMARA MARTINS DA SILVA FEITOSA,9,2026,1,0
151,"PAULO COSTA, ESC. EST. JORNALISTA - JARDIM CENTENARIO (zona 1)",95,VOTO BRANCO,76,2026,1,0
151,"PAULO COSTA, ESC. EST. JORNALISTA - JARDIM CENTENARIO (zona 1)",96,VOTO NULO,192,2026,1,0
152,"PAULO FREIRE, CENTRO DE EXC. PROF.(ANT.CASTELO BRANCO) - INDUSTRIAL (zona 1)",13,LUIZ INÁCIO LULA DA SILVA,908,2026,1,0
152,"PAULO FREIRE, CENTRO DE EXC. PROF.(ANT.CASTELO BRANCO) - INDUSTRIAL (zona 1)",14,RENAN ANTONIO FERREIRA DOS SANTOS,61,2026,1,0
152,"PAULO FREIRE, CENTRO DE EXC. PROF.(ANT.CASTELO BRANCO) - INDUSTRIAL (zona 1)",22,FLAVIO NANTES BOLSONARO,613,2026,1,0
152,"PAULO FREIRE, CENTRO DE EXC. PROF.(ANT.CASTELO BRANCO) - INDUSTRIAL (zona 1)",30,ROMEU ZEMA NETO,4,2026,1,0
152,"PAULO FREIRE, CENTRO DE EXC. PROF.(ANT.CASTELO BRANCO) - INDUSTRIAL (zona 1)",35,WILSON GRASSI JUNIOR,1,2026,1,0
152,"PAULO FREIRE, CENTRO DE EXC. PROF.(ANT.CASTELO BRANCO) - INDUSTRIAL (zona 1)",55,RONALDO RAMOS CAIADO,49,2026,1,0
152,"PAULO FREIRE, CENTRO DE EXC. PROF.(ANT.CASTELO BRANCO) - INDUSTRIAL (zona 1)",70,AUGUSTO JORGE CURY,76,2026,1,0
152,"PAULO FREIRE, CENTRO DE EXC. PROF.(ANT.CASTELO BRANCO) - INDUSTRIAL (zona 1)",80,SAMARA MARTINS DA SILVA FEITOSA,1,2026,1,0
152,"PAULO FREIRE, CENTRO DE EXC. PROF.(ANT.CASTELO BRANCO) - INDUSTRIAL (zona 1)",95,VOTO BRANCO,33,2026,1,0
152,"PAULO FREIRE, CENTRO DE EXC. PROF.(ANT.CASTELO BRANCO) - INDUSTRIAL (zona 1)",96,VOTO NULO,59,2026,1,0
153,"PETRONIO PORTELA, MINISTRO - FAROLANDIA (zona 27)",13,LUIZ INÁCIO LULA DA SILVA,2285,2026,1,0
153,"PETRONIO PORTELA, MINISTRO - FAROLANDIA (zona 27)",14,RENAN ANTONIO FERREIRA DOS SANTOS,51,2026,1,0
153,"PETRONIO PORTELA, MINISTRO - FAROLANDIA (zona 27)",16,HERTZ DA CONCEICAO DIAS,2,2026,1,0
153,"PETRONIO PORTELA, MINISTRO - FAROLANDIA (zona 27)",22,FLAVIO NANTES BOLSONARO,1676,2026,1,0
153,"PETRONIO PORTELA, MINISTRO - FAROLANDIA (zona 27)",27,CLARIANA ZACARKIM BARAO,9,2026,1,0
153,"PETRONIO PORTELA, MINISTRO - FAROLANDIA (zona 27)",30,ROMEU ZEMA NETO,5,2026,1,0
153,"PETRONIO PORTELA, MINISTRO - FAROLANDIA (zona 27)",35,WILSON GRASSI JUNIOR,1,2026,1,0
153,"PETRONIO PORTELA, MINISTRO - FAROLANDIA (zona 27)",55,RONALDO RAMOS CAIADO,85,2026,1,0
153,"PETRONIO PORTELA, MINISTRO - FAROLANDIA (zona 27)",70,AUGUSTO JORGE CURY,174,2026,1,0
153,"PETRONIO PORTELA, MINISTRO - FAROLANDIA (zona 27)",80,SAMARA MARTINS DA SILVA FEITOSA,2,2026,1,0
153,"PETRONIO PORTELA, MINISTRO - FAROLANDIA (zona 27)",95,VOTO BRANCO,61,2026,1,0
153,"PETRONIO PORTELA, MINISTRO - FAROLANDIA (zona 27)",96,VOTO NULO,122,2026,1,0
154,"PRESIDENTE VARGAS, EMEF. - SIQUEIRA CAMPOS (zona 2)",13,LUIZ INÁCIO LULA DA SILVA,1545,2026,1,0
154,"PRESIDENTE VARGAS, EMEF. - SIQUEIRA CAMPOS (zona 2)",14,RENAN ANTONIO FERREIRA DOS SANTOS,51,2026,1,0
154,"PRESIDENTE VARGAS, EMEF. - SIQUEIRA CAMPOS (zona 2)",22,FLAVIO NANTES BOLSONARO,1136,2026,1,0
154,"PRESIDENTE VARGAS, EMEF. - SIQUEIRA CAMPOS (zona 2)",27,CLARIANA ZACARKIM BARAO,1,2026,1,0
154,"PRESIDENTE VARGAS, EMEF. - SIQUEIRA CAMPOS (zona 2)",28,LEONARDO ALVES DE ARAUJO,1,2026,1,0
154,"PRESIDENTE VARGAS, EMEF. - SIQUEIRA CAMPOS (zona 2)",30,ROMEU ZEMA NETO,6,2026,1,0
154,"PRESIDENTE VARGAS, EMEF. - SIQUEIRA CAMPOS (zona 2)",55,RONALDO RAMOS CAIADO,63,2026,1,0
154,"PRESIDENTE VARGAS, EMEF. - SIQUEIRA CAMPOS (zona 2)",70,AUGUSTO JORGE CURY,90,2026,1,0
154,"PRESIDENTE VARGAS, EMEF. - SIQUEIRA CAMPOS (zona 2)",80,SAMARA MARTINS DA SILVA FEITOSA,2,2026,1,0
154,"PRESIDENTE VARGAS, EMEF. - SIQUEIRA CAMPOS (zona 2)",95,VOTO BRANCO,37,2026,1,0
154,"PRESIDENTE VARGAS, EMEF. - SIQUEIRA CAMPOS (zona 2)",96,VOTO NULO,128,2026,1,0
155,"PURIFICAÇÃO, COLÉGIO - LUZIA (zona 2)",13,LUIZ INÁCIO LULA DA SILVA,502,2026,1,0
155,"PURIFICAÇÃO, COLÉGIO - LUZIA (zona 2)",14,RENAN ANTONIO FERREIRA DOS SANTOS,16,2026,1,0
155,"PURIFICAÇÃO, COLÉGIO - LUZIA (zona 2)",16,HERTZ DA CONCEICAO DIAS,1,2026,1,0
155,"PURIFICAÇÃO, COLÉGIO - LUZIA (zona 2)",22,FLAVIO NANTES BOLSONARO,361,2026,1,0
155,"PURIFICAÇÃO, COLÉGIO - LUZIA (zona 2)",29,RUI COSTA PIMENTA,1,2026,1,0
155,"PURIFICAÇÃO, COLÉGIO - LUZIA (zona 2)",30,ROMEU ZEMA NETO,3,2026,1,0
155,"PURIFICAÇÃO, COLÉGIO - LUZIA (zona 2)",55,RONALDO RAMOS CAIADO,30,2026,1,0
155,"PURIFICAÇÃO, COLÉGIO - LUZIA (zona 2)",70,AUGUSTO JORGE CURY,39,2026,1,0
155,"PURIFICAÇÃO, COLÉGIO - LUZIA (zona 2)",80,SAMARA MARTINS DA SILVA FEITOSA,2,2026,1,0
155,"PURIFICAÇÃO, COLÉGIO - LUZIA (zona 2)",95,VOTO BRANCO,13,2026,1,0
155,"PURIFICAÇÃO, COLÉGIO - LUZIA (zona 2)",96,VOTO NULO,24,2026,1,0
156,"RACHEL CORTES ROLLEMBERG, E.M.E.F. PROFª. - JOSE CONRADO DE ARAUJO (zona 1)",13,LUIZ INÁCIO LULA DA SILVA,729,2026,1,0
156,"RACHEL CORTES ROLLEMBERG, E.M.E.F. PROFª. - JOSE CONRADO DE ARAUJO (zona 1)",14,RENAN ANTONIO FERREIRA DOS SANTOS,31,2026,1,0
156,"RACHEL CORTES ROLLEMBERG, E.M.E.F. PROFª. - JOSE CONRADO DE ARAUJO (zona 1)",16,HERTZ DA CONCEICAO DIAS,1,2026,1,0
156,"RACHEL CORTES ROLLEMBERG, E.M.E.F. PROFª. - JOSE CONRADO DE ARAUJO (zona 1)",22,FLAVIO NANTES BOLSONARO,450,2026,1,0
156,"RACHEL CORTES ROLLEMBERG, E.M.E.F. PROFª. - JOSE CONRADO DE ARAUJO (zona 1)",55,RONALDO RAMOS CAIADO,27,2026,1,0
156,"RACHEL CORTES ROLLEMBERG, E.M.E.F. PROFª. - JOSE CONRADO DE ARAUJO (zona 1)",70,AUGUSTO JORGE CURY,43,2026,1,0
156,"RACHEL CORTES ROLLEMBERG, E.M.E.F. PROFª. - JOSE CONRADO DE ARAUJO (zona 1)",95,VOTO BRANCO,25,2026,1,0
156,"RACHEL CORTES ROLLEMBERG, E.M.E.F. PROFª. - JOSE CONRADO DE ARAUJO (zona 1)",96,VOTO NULO,63,2026,1,0
157,"ROBERTO SIMONSEN, ESC. DE ENS. FUND.(SESI) - DEZOITO DO FORTE (zona 1)",13,LUIZ INÁCIO LULA DA SILVA,1929,2026,1,0
157,"ROBERTO SIMONSEN, ESC. DE ENS. FUND.(SESI) - DEZOITO DO FORTE (zona 1)",14,RENAN ANTONIO FERREIRA DOS SANTOS,87,2026,1,0
157,"ROBERTO SIMONSEN, ESC. DE ENS. FUND.(SESI) - DEZOITO DO FORTE (zona 1)",16,HERTZ DA CONCEICAO DIAS,1,2026,1,0
157,"ROBERTO SIMONSEN, ESC. DE ENS. FUND.(SESI) - DEZOITO DO FORTE (zona 1)",22,FLAVIO NANTES BOLSONARO,1346,2026,1,0
157,"ROBERTO SIMONSEN, ESC. DE ENS. FUND.(SESI) - DEZOITO DO FORTE (zona 1)",27,CLARIANA ZACARKIM BARAO,5,2026,1,0
157,"ROBERTO SIMONSEN, ESC. DE ENS. FUND.(SESI) - DEZOITO DO FORTE (zona 1)",30,ROMEU ZEMA NETO,4,2026,1,0
157,"ROBERTO SIMONSEN, ESC. DE ENS. FUND.(SESI) - DEZOITO DO FORTE (zona 1)",35,WILSON GRASSI JUNIOR,1,2026,1,0
157,"ROBERTO SIMONSEN, ESC. DE ENS. FUND.(SESI) - DEZOITO DO FORTE (zona 1)",55,RONALDO RAMOS CAIADO,90,2026,1,0
157,"ROBERTO SIMONSEN, ESC. DE ENS. FUND.(SESI) - DEZOITO DO FORTE (zona 1)",70,AUGUSTO JORGE CURY,132,2026,1,0
157,"ROBERTO SIMONSEN, ESC. DE ENS. FUND.(SESI) - DEZOITO DO FORTE (zona 1)",80,SAMARA MARTINS DA SILVA FEITOSA,2,2026,1,0
157,"ROBERTO SIMONSEN, ESC. DE ENS. FUND.(SESI) - DEZOITO DO FORTE (zona 1)",95,VOTO BRANCO,61,2026,1,0
157,"ROBERTO SIMONSEN, ESC. DE ENS. FUND.(SESI) - DEZOITO DO FORTE (zona 1)",96,VOTO NULO,112,2026,1,0
158,"RODRIGUES DOREA, ESCOLA ESTADUAL - SIQUEIRA CAMPOS (zona 2)",13,LUIZ INÁCIO LULA DA SILVA,753,2026,1,0
158,"RODRIGUES DOREA, ESCOLA ESTADUAL - SIQUEIRA CAMPOS (zona 2)",14,RENAN ANTONIO FERREIRA DOS SANTOS,32,2026,1,0
158,"RODRIGUES DOREA, ESCOLA ESTADUAL - SIQUEIRA CAMPOS (zona 2)",16,HERTZ DA CONCEICAO DIAS,2,2026,1,0
158,"RODRIGUES DOREA, ESCOLA ESTADUAL - SIQUEIRA CAMPOS (zona 2)",22,FLAVIO NANTES BOLSONARO,570,2026,1,0
158,"RODRIGUES DOREA, ESCOLA ESTADUAL - SIQUEIRA CAMPOS (zona 2)",30,ROMEU ZEMA NETO,1,2026,1,0
158,"RODRIGUES DOREA, ESCOLA ESTADUAL - SIQUEIRA CAMPOS (zona 2)",55,RONALDO RAMOS CAIADO,32,2026,1,0
158,"RODRIGUES DOREA, ESCOLA ESTADUAL - SIQUEIRA CAMPOS (zona 2)",70,AUGUSTO JORGE CURY,44,2026,1,0
158,"RODRIGUES DOREA, ESCOLA ESTADUAL - SIQUEIRA CAMPOS (zona 2)",80,SAMARA MARTINS DA SILVA FEITOSA,4,2026,1,0
158,"RODRIGUES DOREA, ESCOLA ESTADUAL - SIQUEIRA CAMPOS (zona 2)",95,VOTO BRANCO,27,2026,1,0
158,"RODRIGUES DOREA, ESCOLA ESTADUAL - SIQUEIRA CAMPOS (zona 2)",96,VOTO NULO,47,2026,1,0
159,"RUY ELOY, ESC. ESTADUAL - JOSE CONRADO DE ARAUJO (zona 1)",13,LUIZ INÁCIO LULA DA SILVA,888,2026,1,0
159,"RUY ELOY, ESC. ESTADUAL - JOSE CONRADO DE ARAUJO (zona 1)",14,RENAN ANTONIO FERREIRA DOS SANTOS,23,2026,1,0
159,"RUY ELOY, ESC. ESTADUAL - JOSE CONRADO DE ARAUJO (zona 1)",16,HERTZ DA CONCEICAO DIAS,2,2026,1,0
159,"RUY ELOY, ESC. ESTADUAL - JOSE CONRADO DE ARAUJO (zona 1)",22,FLAVIO NANTES BOLSONARO,674,2026,1,0
159,"RUY ELOY, ESC. ESTADUAL - JOSE CONRADO DE ARAUJO (zona 1)",27,CLARIANA ZACARKIM BARAO,2,2026,1,0
159,"RUY ELOY, ESC. ESTADUAL - JOSE CONRADO DE ARAUJO (zona 1)",29,RUI COSTA PIMENTA,1,2026,1,0
159,"RUY ELOY, ESC. ESTADUAL - JOSE CONRADO DE ARAUJO (zona 1)",55,RONALDO RAMOS CAIADO,48,2026,1,0
159,"RUY ELOY, ESC. ESTADUAL - JOSE CONRADO DE ARAUJO (zona 1)",70,AUGUSTO JORGE CURY,74,2026,1,0
159,"RUY ELOY, ESC. ESTADUAL - JOSE CONRADO DE ARAUJO (zona 1)",95,VOTO BRANCO,38,2026,1,0
159,"RUY ELOY, ESC. ESTADUAL - JOSE CONRADO DE ARAUJO (zona 1)",96,VOTO NULO,88,2026,1,0
160,"SABINO RIBEIRO, ESC. MUNICIPAL - DEZOITO DO FORTE (zona 1)",13,LUIZ INÁCIO LULA DA SILVA,536,2026,1,0
160,"SABINO RIBEIRO, ESC. MUNICIPAL - DEZOITO DO FORTE (zona 1)",14,RENAN ANTONIO FERREIRA DOS SANTOS,17,2026,1,0
160,"SABINO RIBEIRO, ESC. MUNICIPAL - DEZOITO DO FORTE (zona 1)",22,FLAVIO NANTES BOLSONARO,315,2026,1,0
160,"SABINO RIBEIRO, ESC. MUNICIPAL - DEZOITO DO FORTE (zona 1)",30,ROMEU ZEMA NETO,2,2026,1,0
160,"SABINO RIBEIRO, ESC. MUNICIPAL - DEZOITO DO FORTE (zona 1)",55,RONALDO RAMOS CAIADO,15,2026,1,0
160,"SABINO RIBEIRO, ESC. MUNICIPAL - DEZOITO DO FORTE (zona 1)",70,AUGUSTO JORGE CURY,44,2026,1,0
160,"SABINO RIBEIRO, ESC. MUNICIPAL - DEZOITO DO FORTE (zona 1)",95,VOTO BRANCO,23,2026,1,0
160,"SABINO RIBEIRO, ESC. MUNICIPAL - DEZOITO DO FORTE (zona 1)",96,VOTO NULO,28,2026,1,0
161,"SALESIANO NOSSA SENHORA AUXILIADORA - UNIDADE INFANTIL, COLÉGIO - SUISSA (zona 2)",13,LUIZ INÁCIO LULA DA SILVA,492,2026,1,0
161,"SALESIANO NOSSA SENHORA AUXILIADORA - UNIDADE INFANTIL, COLÉGIO - SUISSA (zona 2)",14,RENAN ANTONIO FERREIRA DOS SANTOS,28,2026,1,0
161,"SALESIANO NOSSA SENHORA AUXILIADORA - UNIDADE INFANTIL, COLÉGIO - SUISSA (zona 2)",22,FLAVIO NANTES BOLSONARO,371,2026,1,0
161,"SALESIANO NOSSA SENHORA AUXILIADORA - UNIDADE INFANTIL, COLÉGIO - SUISSA (zona 2)",30,ROMEU ZEMA NETO,5,2026,1,0
161,"SALESIANO NOSSA SENHORA AUXILIADORA - UNIDADE INFANTIL, COLÉGIO - SUISSA (zona 2)",55,RONALDO RAMOS CAIADO,31,2026,1,0
161,"SALESIANO NOSSA SENHORA AUXILIADORA - UNIDADE INFANTIL, COLÉGIO - SUISSA (zona 2)",70,AUGUSTO JORGE CURY,30,2026,1,0
161,"SALESIANO NOSSA SENHORA AUXILIADORA - UNIDADE INFANTIL, COLÉGIO - SUISSA (zona 2)",95,VOTO BRANCO,17,2026,1,0
161,"SALESIANO NOSSA SENHORA AUXILIADORA - UNIDADE INFANTIL, COLÉGIO - SUISSA (zona 2)",96,VOTO NULO,34,2026,1,0
162,"SALESIANO NOSSA SENHORA AUXILIADORA, COLÉGIO - SUISSA (zona 2)",13,LUIZ INÁCIO LULA DA SILVA,906,2026,1,0
162,"SALESIANO NOSSA SENHORA AUXILIADORA, COLÉGIO - SUISSA (zona 2)",14,RENAN ANTONIO FERREIRA DOS SANTOS,31,2026,1,0
162,"SALESIANO NOSSA SENHORA AUXILIADORA, COLÉGIO - SUISSA (zona 2)",16,HERTZ DA CONCEICAO DIAS,1,2026,1,0
162,"SALESIANO NOSSA SENHORA AUXILIADORA, COLÉGIO - SUISSA (zona 2)",22,FLAVIO NANTES BOLSONARO,721,2026,1,0
162,"SALESIANO NOSSA SENHORA AUXILIADORA, COLÉGIO - SUISSA (zona 2)",27,CLARIANA ZACARKIM BARAO,1,2026,1,0
162,"SALESIANO NOSSA SENHORA AUXILIADORA, COLÉGIO - SUISSA (zona 2)",29,RUI COSTA PIMENTA,1,2026,1,0
162,"SALESIANO NOSSA SENHORA AUXILIADORA, COLÉGIO - SUISSA (zona 2)",30,ROMEU ZEMA NETO,3,2026,1,0
162,"SALESIANO NOSSA SENHORA AUXILIADORA, COLÉGIO - SUISSA (zona 2)",55,RONALDO RAMOS CAIADO,35,2026,1,0
162,"SALESIANO NOSSA SENHORA AUXILIADORA, COLÉGIO - SUISSA (zona 2)",70,AUGUSTO JORGE CURY,58,2026,1,0
162,"SALESIANO NOSSA SENHORA AUXILIADORA, COLÉGIO - SUISSA (zona 2)",95,VOTO BRANCO,23,2026,1,0
162,"SALESIANO NOSSA SENHORA AUXILIADORA, COLÉGIO - SUISSA (zona 2)",96,VOTO NULO,42,2026,1,0
163,"SANTA CHIARA, COLÉGIO - LUZIA (zona 2)",13,LUIZ INÁCIO LULA DA SILVA,468,2026,1,0
163,"SANTA CHIARA, COLÉGIO - LUZIA (zona 2)",14,RENAN ANTONIO FERREIRA DOS SANTOS,23,2026,1,0
163,"SANTA CHIARA, COLÉGIO - LUZIA (zona 2)",16,HERTZ DA CONCEICAO DIAS,1,2026,1,0
163,"SANTA CHIARA, COLÉGIO - LUZIA (zona 2)",22,FLAVIO NANTES BOLSONARO,312,2026,1,0
163,"SANTA CHIARA, COLÉGIO - LUZIA (zona 2)",27,CLARIANA ZACARKIM BARAO,1,2026,1,0
163,"SANTA CHIARA, COLÉGIO - LUZIA (zona 2)",55,RONALDO RAMOS CAIADO,21,2026,1,0
163,"SANTA CHIARA, COLÉGIO - LUZIA (zona 2)",70,AUGUSTO JORGE CURY,28,2026,1,0
163,"SANTA CHIARA, COLÉGIO - LUZIA (zona 2)",95,VOTO BRANCO,12,2026,1,0
163,"SANTA CHIARA, COLÉGIO - LUZIA (zona 2)",96,VOTO NULO,14,2026,1,0
164,"SANTA RITA DE CASSIA, EMEF - AMERICA (zona 2)",13,LUIZ INÁCIO LULA DA SILVA,755,2026,1,0
164,"SANTA RITA DE CASSIA, EMEF - AMERICA (zona 2)",14,RENAN ANTONIO FERREIRA DOS SANTOS,20,2026,1,0
164,"SANTA RITA DE CASSIA, EMEF - AMERICA (zona 2)",16,HERTZ DA CONCEICAO DIAS,2,2026,1,0
164,"SANTA RITA DE CASSIA, EMEF - AMERICA (zona 2)",22,FLAVIO NANTES BOLSONARO,436,2026,1,0
164,"SANTA RITA DE CASSIA, EMEF - AMERICA (zona 2)",27,CLARIANA ZACARKIM BARAO,2,2026,1,0
164,"SANTA RITA DE CASSIA, EMEF - AMERICA (zona 2)",30,ROMEU ZEMA NETO,2,2026,1,0
164,"SANTA RITA DE CASSIA, EMEF - AMERICA (zona 2)",55,RONALDO RAMOS CAIADO,39,2026,1,0
164,"SANTA RITA DE CASSIA, EMEF - AMERICA (zona 2)",70,AUGUSTO JORGE CURY,38,2026,1,0
164,"SANTA RITA DE CASSIA, EMEF - AMERICA (zona 2)",95,VOTO BRANCO,29,2026,1,0
164,"SANTA RITA DE CASSIA, EMEF - AMERICA (zona 2)",96,VOTO NULO,44,2026,1,0
165,"SANTANA, COLÉGIO - PONTO NOVO (zona 2)",13,LUIZ INÁCIO LULA DA SILVA,851,2026,1,0
165,"SANTANA, COLÉGIO - PONTO NOVO (zona 2)",14,RENAN ANTONIO FERREIRA DOS SANTOS,44,2026,1,0
165,"SANTANA, COLÉGIO - PONTO NOVO (zona 2)",16,HERTZ DA CONCEICAO DIAS,2,2026,1,0
165,"SANTANA, COLÉGIO - PONTO NOVO (zona 2)",22,FLAVIO NANTES BOLSONARO,577,2026,1,0
165,"SANTANA, COLÉGIO - PONTO NOVO (zona 2)",27,CLARIANA ZACARKIM BARAO,1,2026,1,0
165,"SANTANA, COLÉGIO - PONTO NOVO (zona 2)",30,ROMEU ZEMA NETO,8,2026,1,0
165,"SANTANA, COLÉGIO - PONTO NOVO (zona 2)",55,RONALDO RAMOS CAIADO,37,2026,1,0
165,"SANTANA, COLÉGIO - PONTO NOVO (zona 2)",70,AUGUSTO JORGE CURY,61,2026,1,0
165,"SANTANA, COLÉGIO - PONTO NOVO (zona 2)",80,SAMARA MARTINS DA SILVA FEITOSA,1,2026,1,0
165,"SANTANA, COLÉGIO - PONTO NOVO (zona 2)",95,VOTO BRANCO,23,2026,1,0
165,"SANTANA, COLÉGIO - PONTO NOVO (zona 2)",96,VOTO NULO,47,2026,1,0
166,SEED - ANTIGA ESCOLA PARQUE - GRAGERU (zona 2),13,LUIZ INÁCIO LULA DA SILVA,617,2026,1,0
166,SEED - ANTIGA ESCOLA PARQUE - GRAGERU (zona 2),14,RENAN ANTONIO FERREIRA DOS SANTOS,16,2026,1,0
166,SEED - ANTIGA ESCOLA PARQUE - GRAGERU (zona 2),22,FLAVIO NANTES BOLSONARO,680,2026,1,0
166,SEED - ANTIGA ESCOLA PARQUE - GRAGERU (zona 2),30,ROMEU ZEMA NETO,8,2026,1,0
166,SEED - ANTIGA ESCOLA PARQUE - GRAGERU (zona 2),55,RONALDO RAMOS CAIADO,52,2026,1,0
166,SEED - ANTIGA ESCOLA PARQUE - GRAGERU (zona 2),70,AUGUSTO JORGE CURY,46,2026,1,0
166,SEED - ANTIGA ESCOLA PARQUE - GRAGERU (zona 2),95,VOTO BRANCO,11,2026,1,0
166,SEED - ANTIGA ESCOLA PARQUE - GRAGERU (zona 2),96,VOTO NULO,23,2026,1,0
167,SENAI - CENTRO - CENTRO (zona 2),13,LUIZ INÁCIO LULA DA SILVA,413,2026,1,0
167,SENAI - CENTRO - CENTRO (zona 2),14,RENAN ANTONIO FERREIRA DOS SANTOS,15,2026,1,0
167,SENAI - CENTRO - CENTRO (zona 2),22,FLAVIO NANTES BOLSONARO,284,2026,1,0
167,SENAI - CENTRO - CENTRO (zona 2),27,CLARIANA ZACARKIM BARAO,1,2026,1,0
167,SENAI - CENTRO - CENTRO (zona 2),30,ROMEU ZEMA NETO,1,2026,1,0
167,SENAI - CENTRO - CENTRO (zona 2),55,RONALDO RAMOS CAIADO,14,2026,1,0
167,SENAI - CENTRO - CENTRO (zona 2),70,AUGUSTO JORGE CURY,38,2026,1,0
167,SENAI - CENTRO - CENTRO (zona 2),80,SAMARA MARTINS DA SILVA FEITOSA,1,2026,1,0
167,SENAI - CENTRO - CENTRO (zona 2),95,VOTO BRANCO,7,2026,1,0
167,SENAI - CENTRO - CENTRO (zona 2),96,VOTO NULO,18,2026,1,0
168,"SERGIO FRANCISCO DA SILVA, E.M.E.F - LAMARAO (zona 1)",13,LUIZ INÁCIO LULA DA SILVA,1999,2026,1,0
168,"SERGIO FRANCISCO DA SILVA, E.M.E.F - LAMARAO (zona 1)",14,RENAN ANTONIO FERREIRA DOS SANTOS,55,2026,1,0
168,"SERGIO FRANCISCO DA SILVA, E.M.E.F - LAMARAO (zona 1)",16,HERTZ DA CONCEICAO DIAS,1,2026,1,0
168,"SERGIO FRANCISCO DA SILVA, E.M.E.F - LAMARAO (zona 1)",21,EDMILSON SILVA COSTA,1,2026,1,0
168,"SERGIO FRANCISCO DA SILVA, E.M.E.F - LAMARAO (zona 1)",22,FLAVIO NANTES BOLSONARO,1196,2026,1,0
168,"SERGIO FRANCISCO DA SILVA, E.M.E.F - LAMARAO (zona 1)",27,CLARIANA ZACARKIM BARAO,2,2026,1,0
168,"SERGIO FRANCISCO DA SILVA, E.M.E.F - LAMARAO (zona 1)",28,LEONARDO ALVES DE ARAUJO,1,2026,1,0
168,"SERGIO FRANCISCO DA SILVA, E.M.E.F - LAMARAO (zona 1)",30,ROMEU ZEMA NETO,6,2026,1,0
168,"SERGIO FRANCISCO DA SILVA, E.M.E.F - LAMARAO (zona 1)",35,WILSON GRASSI JUNIOR,3,2026,1,0
168,"SERGIO FRANCISCO DA SILVA, E.M.E.F - LAMARAO (zona 1)",55,RONALDO RAMOS CAIADO,104,2026,1,0
168,"SERGIO FRANCISCO DA SILVA, E.M.E.F - LAMARAO (zona 1)",70,AUGUSTO JORGE CURY,141,2026,1,0
168,"SERGIO FRANCISCO DA SILVA, E.M.E.F - LAMARAO (zona 1)",80,SAMARA MARTINS DA SILVA FEITOSA,6,2026,1,0
168,"SERGIO FRANCISCO DA SILVA, E.M.E.F - LAMARAO (zona 1)",95,VOTO BRANCO,100,2026,1,0
168,"SERGIO FRANCISCO DA SILVA, E.M.E.F - LAMARAO (zona 1)",96,VOTO NULO,179,2026,1,0
169,SESI JAIR MENEGUELLI - AMERICA (zona 2),13,LUIZ INÁCIO LULA DA SILVA,639,2026,1,0
169,SESI JAIR MENEGUELLI - AMERICA (zona 2),14,RENAN ANTONIO FERREIRA DOS SANTOS,19,2026,1,0
169,SESI JAIR MENEGUELLI - AMERICA (zona 2),16,HERTZ DA CONCEICAO DIAS,1,2026,1,0
169,SESI JAIR MENEGUELLI - AMERICA (zona 2),22,FLAVIO NANTES BOLSONARO,419,2026,1,0
169,SESI JAIR MENEGUELLI - AMERICA (zona 2),30,ROMEU ZEMA NETO,4,2026,1,0
169,SESI JAIR MENEGUELLI - AMERICA (zona 2),55,RONALDO RAMOS CAIADO,22,2026,1,0
169,SESI JAIR MENEGUELLI - AMERICA (zona 2),70,AUGUSTO JORGE CURY,48,2026,1,0
169,SESI JAIR MENEGUELLI - AMERICA (zona 2),80,SAMARA MARTINS DA SILVA FEITOSA,1,2026,1,0
169,SESI JAIR MENEGUELLI - AMERICA (zona 2),95,VOTO BRANCO,19,2026,1,0
169,SESI JAIR MENEGUELLI - AMERICA (zona 2),96,VOTO NULO,29,2026,1,0
170,"SÃO CRISTOVÃO, ESCOLA ESTADUAL - LUZIA (zona 2)",13,LUIZ INÁCIO LULA DA SILVA,555,2026,1,0
170,"SÃO CRISTOVÃO, ESCOLA ESTADUAL - LUZIA (zona 2)",14,RENAN ANTONIO FERREIRA DOS SANTOS,18,2026,1,0
170,"SÃO CRISTOVÃO, ESCOLA ESTADUAL - LUZIA (zona 2)",22,FLAVIO NANTES BOLSONARO,434,2026,1,0
170,"SÃO CRISTOVÃO, ESCOLA ESTADUAL - LUZIA (zona 2)",30,ROMEU ZEMA NETO,1,2026,1,0
170,"SÃO CRISTOVÃO, ESCOLA ESTADUAL - LUZIA (zona 2)",55,RONALDO RAMOS CAIADO,38,2026,1,0
170,"SÃO CRISTOVÃO, ESCOLA ESTADUAL - LUZIA (zona 2)",70,AUGUSTO JORGE CURY,30,2026,1,0
170,"SÃO CRISTOVÃO, ESCOLA ESTADUAL - LUZIA (zona 2)",95,VOTO BRANCO,9,2026,1,0
170,"SÃO CRISTOVÃO, ESCOLA ESTADUAL - LUZIA (zona 2)",96,VOTO NULO,12,2026,1,0
171,"TANCREDO NEVES, EMEF - PONTO NOVO (zona 2)",13,LUIZ INÁCIO LULA DA SILVA,839,2026,1,0
171,"TANCREDO NEVES, EMEF - PONTO NOVO (zona 2)",14,RENAN ANTONIO FERREIRA DOS SANTOS,24,2026,1,0
171,"TANCREDO NEVES, EMEF - PONTO NOVO (zona 2)",16,HERTZ DA CONCEICAO DIAS,1,2026,1,0
171,"TANCREDO NEVES, EMEF - PONTO NOVO (zona 2)",21,EDMILSON SILVA COSTA,1,2026,1,0
171,"TANCREDO NEVES, EMEF - PONTO NOVO (zona 2)",22,FLAVIO NANTES BOLSONARO,505,2026,1,0
171,"TANCREDO NEVES, EMEF - PONTO NOVO (zona 2)",27,CLARIANA ZACARKIM BARAO,1,2026,1,0
171,"TANCREDO NEVES, EMEF - PONTO NOVO (zona 2)",30,ROMEU ZEMA NETO,5,2026,1,0
171,"TANCREDO NEVES, EMEF - PONTO NOVO (zona 2)",35,WILSON GRASSI JUNIOR,1,2026,1,0
171,"TANCREDO NEVES, EMEF - PONTO NOVO (zona 2)",55,RONALDO RAMOS CAIADO,26,2026,1,0
171,"TANCREDO NEVES, EMEF - PONTO NOVO (zona 2)",70,AUGUSTO JORGE CURY,61,2026,1,0
171,"TANCREDO NEVES, EMEF - PONTO NOVO (zona 2)",80,SAMARA MARTINS DA SILVA FEITOSA,2,2026,1,0
171,"TANCREDO NEVES, EMEF - PONTO NOVO (zona 2)",95,VOTO BRANCO,18,2026,1,0
171,"TANCREDO NEVES, EMEF - PONTO NOVO (zona 2)",96,VOTO NULO,67,2026,1,0
172,TENISSON RIBEIRO - MOSQUEIRO (zona 27),13,LUIZ INÁCIO LULA DA SILVA,904,2026,1,0
172,TENISSON RIBEIRO - MOSQUEIRO (zona 27),14,RENAN ANTONIO FERREIRA DOS SANTOS,30,2026,1,0
172,TENISSON RIBEIRO - MOSQUEIRO (zona 27),21,EDMILSON SILVA COSTA,1,2026,1,0
172,TENISSON RIBEIRO - MOSQUEIRO (zona 27),22,FLAVIO NANTES BOLSONARO,615,2026,1,0
172,TENISSON RIBEIRO - MOSQUEIRO (zona 27),27,CLARIANA ZACARKIM BARAO,1,2026,1,0
172,TENISSON RIBEIRO - MOSQUEIRO (zona 27),30,ROMEU ZEMA NETO,3,2026,1,0
172,TENISSON RIBEIRO - MOSQUEIRO (zona 27),35,WILSON GRASSI JUNIOR,1,2026,1,0
172,TENISSON RIBEIRO - MOSQUEIRO (zona 27),55,RONALDO RAMOS CAIADO,46,2026,1,0
172,TENISSON RIBEIRO - MOSQUEIRO (zona 27),70,AUGUSTO JORGE CURY,67,2026,1,0
172,TENISSON RIBEIRO - MOSQUEIRO (zona 27),80,SAMARA MARTINS DA SILVA FEITOSA,1,2026,1,0
172,TENISSON RIBEIRO - MOSQUEIRO (zona 27),95,VOTO BRANCO,24,2026,1,0
172,TENISSON RIBEIRO - MOSQUEIRO (zona 27),96,VOTO NULO,33,2026,1,0
173,"TOBIAS BARRETO, ESCOLA ESTADUAL - CENTRO (zona 2)",13,LUIZ INÁCIO LULA DA SILVA,309,2026,1,0
173,"TOBIAS BARRETO, ESCOLA ESTADUAL - CENTRO (zona 2)",14,RENAN ANTONIO FERREIRA DOS SANTOS,17,2026,1,0
173,"TOBIAS BARRETO, ESCOLA ESTADUAL - CENTRO (zona 2)",21,EDMILSON SILVA COSTA,1,2026,1,0
173,"TOBIAS BARRETO, ESCOLA ESTADUAL - CENTRO (zona 2)",22,FLAVIO NANTES BOLSONARO,358,2026,1,0
173,"TOBIAS BARRETO, ESCOLA ESTADUAL - CENTRO (zona 2)",29,RUI COSTA PIMENTA,1,2026,1,0
173,"TOBIAS BARRETO, ESCOLA ESTADUAL - CENTRO (zona 2)",30,ROMEU ZEMA NETO,3,2026,1,0
173,"TOBIAS BARRETO, ESCOLA ESTADUAL - CENTRO (zona 2)",55,RONALDO RAMOS CAIADO,20,2026,1,0
173,"TOBIAS BARRETO, ESCOLA ESTADUAL - CENTRO (zona 2)",70,AUGUSTO JORGE CURY,15,2026,1,0
173,"TOBIAS BARRETO, ESCOLA ESTADUAL - CENTRO (zona 2)",80,SAMARA MARTINS DA SILVA FEITOSA,2,2026,1,0
173,"TOBIAS BARRETO, ESCOLA ESTADUAL - CENTRO (zona 2)",95,VOTO BRANCO,10,2026,1,0
173,"TOBIAS BARRETO, ESCOLA ESTADUAL - CENTRO (zona 2)",96,VOTO NULO,18,2026,1,0
174,UNIVERSIDADE TIRADENTES - CAMPUS FAROLÂNDIA - FAROLANDIA (zona 27),13,LUIZ INÁCIO LULA DA SILVA,4259,2026,1,0
174,UNIVERSIDADE TIRADENTES - CAMPUS FAROLÂNDIA - FAROLANDIA (zona 27),14,RENAN ANTONIO FERREIRA DOS SANTOS,311,2026,1,0
174,UNIVERSIDADE TIRADENTES - CAMPUS FAROLÂNDIA - FAROLANDIA (zona 27),16,HERTZ DA CONCEICAO DIAS,5,2026,1,0
174,UNIVERSIDADE TIRADENTES - CAMPUS FAROLÂNDIA - FAROLANDIA (zona 27),21,EDMILSON SILVA COSTA,1,2026,1,0
174,UNIVERSIDADE TIRADENTES - CAMPUS FAROLÂNDIA - FAROLANDIA (zona 27),22,FLAVIO NANTES BOLSONARO,2827,2026,1,0
174,UNIVERSIDADE TIRADENTES - CAMPUS FAROLÂNDIA - FAROLANDIA (zona 27),27,CLARIANA ZACARKIM BARAO,5,2026,1,0
174,UNIVERSIDADE TIRADENTES - CAMPUS FAROLÂNDIA - FAROLANDIA (zona 27),29,RUI COSTA PIMENTA,4,2026,1,0
174,UNIVERSIDADE TIRADENTES - CAMPUS FAROLÂNDIA - FAROLANDIA (zona 27),30,ROMEU ZEMA NETO,24,2026,1,0
174,UNIVERSIDADE TIRADENTES - CAMPUS FAROLÂNDIA - FAROLANDIA (zona 27),35,WILSON GRASSI JUNIOR,1,2026,1,0
174,UNIVERSIDADE TIRADENTES - CAMPUS FAROLÂNDIA - FAROLANDIA (zona 27),55,RONALDO RAMOS CAIADO,149,2026,1,0
174,UNIVERSIDADE TIRADENTES - CAMPUS FAROLÂNDIA - FAROLANDIA (zona 27),70,AUGUSTO JORGE CURY,327,2026,1,0
174,UNIVERSIDADE TIRADENTES - CAMPUS FAROLÂNDIA - FAROLANDIA (zona 27),80,SAMARA MARTINS DA SILVA FEITOSA,9,2026,1,0
174,UNIVERSIDADE TIRADENTES - CAMPUS FAROLÂNDIA - FAROLANDIA (zona 27),95,VOTO BRANCO,102,2026,1,0
174,UNIVERSIDADE TIRADENTES - CAMPUS FAROLÂNDIA - FAROLANDIA (zona 27),96,VOTO NULO,173,2026,1,0
175,"VALNIR CHAGAS, PROF,  ESCOLA ESTADUAL - CENTRO (zona 2)",13,LUIZ INÁCIO LULA DA SILVA,239,2026,1,0
175,"VALNIR CHAGAS, PROF,  ESCOLA ESTADUAL - CENTRO (zona 2)",14,RENAN ANTONIO FERREIRA DOS SANTOS,15,2026,1,0
175,"VALNIR CHAGAS, PROF,  ESCOLA ESTADUAL - CENTRO (zona 2)",22,FLAVIO NANTES BOLSONARO,182,2026,1,0
175,"VALNIR CHAGAS, PROF,  ESCOLA ESTADUAL - CENTRO (zona 2)",30,ROMEU ZEMA NETO,1,2026,1,0
175,"VALNIR CHAGAS, PROF,  ESCOLA ESTADUAL - CENTRO (zona 2)",55,RONALDO RAMOS CAIADO,10,2026,1,0
175,"VALNIR CHAGAS, PROF,  ESCOLA ESTADUAL - CENTRO (zona 2)",70,AUGUSTO JORGE CURY,12,2026,1,0
175,"VALNIR CHAGAS, PROF,  ESCOLA ESTADUAL - CENTRO (zona 2)",80,SAMARA MARTINS DA SILVA FEITOSA,2,2026,1,0
175,"VALNIR CHAGAS, PROF,  ESCOLA ESTADUAL - CENTRO (zona 2)",95,VOTO BRANCO,6,2026,1,0
175,"VALNIR CHAGAS, PROF,  ESCOLA ESTADUAL - CENTRO (zona 2)",96,VOTO NULO,13,2026,1,0
176,"WOLNEY LEAL DE MELO (ANTIGO ANDRÉ MESQUITA), ESCOLA - SANTA MARIA (zona 27)",13,LUIZ INÁCIO LULA DA SILVA,760,2026,1,0
176,"WOLNEY LEAL DE MELO (ANTIGO ANDRÉ MESQUITA), ESCOLA - SANTA MARIA (zona 27)",14,RENAN ANTONIO FERREIRA DOS SANTOS,26,2026,1,0
176,"WOLNEY LEAL DE MELO (ANTIGO ANDRÉ MESQUITA), ESCOLA - SANTA MARIA (zona 27)",16,HERTZ DA CONCEICAO DIAS,1,2026,1,0
176,"WOLNEY LEAL DE MELO (ANTIGO ANDRÉ MESQUITA), ESCOLA - SANTA MARIA (zona 27)",22,FLAVIO NANTES BOLSONARO,400,2026,1,0
176,"WOLNEY LEAL DE MELO (ANTIGO ANDRÉ MESQUITA), ESCOLA - SANTA MARIA (zona 27)",27,CLARIANA ZACARKIM BARAO,2,2026,1,0
176,"WOLNEY LEAL DE MELO (ANTIGO ANDRÉ MESQUITA), ESCOLA - SANTA MARIA (zona 27)",55,RONALDO RAMOS CAIADO,32,2026,1,0
176,"WOLNEY LEAL DE MELO (ANTIGO ANDRÉ MESQUITA), ESCOLA - SANTA MARIA (zona 27)",70,AUGUSTO JORGE CURY,39,2026,1,0
176,"WOLNEY LEAL DE MELO (ANTIGO ANDRÉ MESQUITA), ESCOLA - SANTA MARIA (zona 27)",80,SAMARA MARTINS DA SILVA FEITOSA,1,2026,1,0
176,"WOLNEY LEAL DE MELO (ANTIGO ANDRÉ MESQUITA), ESCOLA - SANTA MARIA (zona 27)",95,VOTO BRANCO,28,2026,1,0
176,"WOLNEY LEAL DE MELO (ANTIGO ANDRÉ MESQUITA), ESCOLA - SANTA MARIA (zona 27)",96,VOTO NULO,66,2026,1,0
177,"ZALDA GAMA, EMEF - CAPUCHO (zona 2)",13,LUIZ INÁCIO LULA DA SILVA,146,2026,1,0
177,"ZALDA GAMA, EMEF - CAPUCHO (zona 2)",14,RENAN ANTONIO FERREIRA DOS SANTOS,4,2026,1,0
177,"ZALDA GAMA, EMEF - CAPUCHO (zona 2)",22,FLAVIO NANTES BOLSONARO,87,2026,1,0
177,"ZALDA GAMA, EMEF - CAPUCHO (zona 2)",55,RONALDO RAMOS CAIADO,7,2026,1,0
177,"ZALDA GAMA, EMEF - CAPUCHO (zona 2)",70,AUGUSTO JORGE CURY,7,2026,1,0
177,"ZALDA GAMA, EMEF - CAPUCHO (zona 2)",95,VOTO BRANCO,8,2026,1,0
177,"ZALDA GAMA, EMEF - CAPUCHO (zona 2)",96,VOTO NULO,12,2026,1,0
178,"ÁUREA MELO/ZAMOR, PROF, EMEI - SAO CONRADO (zona 27)",13,LUIZ INÁCIO LULA DA SILVA,652,2026,1,0
178,"ÁUREA MELO/ZAMOR, PROF, EMEI - SAO CONRADO (zona 27)",14,RENAN ANTONIO FERREIRA DOS SANTOS,51,2026,1,0
178,"ÁUREA MELO/ZAMOR, PROF, EMEI - SAO CONRADO (zona 27)",16,HERTZ DA CONCEICAO DIAS,1,2026,1,0
178,"ÁUREA MELO/ZAMOR, PROF, EMEI - SAO CONRADO (zona 27)",22,FLAVIO NANTES BOLSONARO,412,2026,1,0
178,"ÁUREA MELO/ZAMOR, PROF, EMEI - SAO CONRADO (zona 27)",27,CLARIANA ZACARKIM BARAO,1,2026,1,0
178,"ÁUREA MELO/ZAMOR, PROF, EMEI - SAO CONRADO (zona 27)",30,ROMEU ZEMA NETO,2,2026,1,0
178,"ÁUREA MELO/ZAMOR, PROF, EMEI - SAO CONRADO (zona 27)",55,RONALDO RAMOS CAIADO,10,2026,1,0
178,"ÁUREA MELO/ZAMOR, PROF, EMEI - SAO CONRADO (zona 27)",70,AUGUSTO JORGE CURY,43,2026,1,0
178,"ÁUREA MELO/ZAMOR, PROF, EMEI - SAO CONRADO (zona 27)",80,SAMARA MARTINS DA SILVA FEITOSA,1,2026,1,0
178,"ÁUREA MELO/ZAMOR, PROF, EMEI - SAO CONRADO (zona 27)",95,VOTO BRANCO,30,2026,1,0
178,"ÁUREA MELO/ZAMOR, PROF, EMEI - SAO CONRADO (zona 27)",96,VOTO NULO,43,2026,1,0
